id,location,city,state,postal_code,savannah,nj,houston,miami,chicago,email,type_id,losangeles
2,HARTFORD 06051,NEW BRITAIN,CT,6051,800,290,0,0,0,jim.costello@copart.com,1,0
3,FT. PIERCE 34946,FORT PIERCE,FL,34946,415,0,0,250,0,renita.fulger@copart.com,1,0
4,BALTIMORE 21048,FINKSBURG,MD,21048,0,340,0,0,0,kali.oneal@copart.com,1,0
5,DETROIT 48183,WOODHAVEN,MI,48183,0,650,0,0,575,logan.kilbride@copart.com,1,0
6,HARTFORD SPRINGFIELD 06026,EAST GRANBY,CT,6026,800,280,0,0,0,shaun.duncan@copart.com,1,0
7,GLASSBORO EAST 08028,GLASSBORO,NJ,8028,0,250,0,0,0,michelle.marynowicz@copart.com,1,0
8,GLASSBORO WEST 08028,GLASSBORO,NJ,8028,0,250,0,0,0,michelle.marynowicz@copart.com,1,0
9,ALBANY 12205,ALBANY,NY,12205,0,310,0,0,0,brian.constantino@copart.com,1,0
10,ORLANDO (FL) 32822,ORLANDO,FL,32822,295,0,0,250,0,"",1,0
11,PUNTA GORDA (FL) 33982,PUNTA GORDA,FL,33982,350,0,0,270,0,"",1,0
12,BALTIMORE EAST 21225,BALTIMORE,MD,21225,0,340,0,0,0,michael.dolak@copart.com,1,0
13,BILLINGS 59103,BILLINGS,MT,59103,1700,1400,0,0,0,jason.hamrick@copart.com,1,0
14,MINNEAPOLIS 55421,BLAINE,Minnes ota,55434,0,750,0,0,0,"",1,0
15,"AUSTIN, TX 78130",NEW BRAUNFELS,TX,78130,800,0,0,625,0,stefanie.loera@copart.com,1,0
16,COLUMBIA SC 29053,GASTON,SC,29053,305,550,800,450,850,"",1,0
17,ATLANTA WEST 30168,AUSTELL,GA,30168,325,0,0,380,0,renato.parris@copart.com,1,0
18,"APPLETON, WI 54914",APPLETON,WI,54914,0,750,0,0,0,nana.oseibempong@copart.com,1,0
20,ANCHORAGE 99501,ANCHORAGE,AK,99501,3000,2800,0,3800,0,alan.deile@copart.com,1,0
21,"AMARILLO, TX 79118",AMARILLO,TX,79118,900,0,0,725,0,chris.alford@copart.com,1,0
22,ALTOONA 15931,EBENSBURG,PA,15931,0,435,0,0,0,anita.eckenrode@copart.com,1,0
23,CHICAGO NORTH 60120,ELGIN,IL,60120,850,600,0,700,0,matt.fogleson@copart.com,1,0
25,BIRMINGHAM 35023,HUEYTOWN,AL,35023,470,750,0,0,0,doug.cooper@copart.com,1,0
26,HOUSTON 77073,HOUSTON,TX,77073,600,0,0,500,0,jesse.perez@copart.com,1,0
27,CARTERSVILLE 30120,CARTERSVILLE,GA,30120,375,850,0,450,0,ryan.olenick@copart.com,1,0
28,"CASPER, WY 82604",CASPER,WY,82604,1200,1100,0,0,0,"",1,0
30,CHAMBERSBURG 17201,CHAMBERSBU RG,PA,17201,800,410,0,0,0,adam.goshorn@copart.com,1,0
31,"DALLAS, TX 75051",GRAND PRAIRIE,TX,75051,750,0,0,525,0,"",1,0
32,CHINA GROVE 28023,CHINA GROVE,NC,28023,380,500,0,550,0,rafael.pla@copart.com,1,0
33,CLEVELAND EAST 44067,NORTHFIELD,OH,44067,750,490,0,0,0,caleb.kellogg@copart.com,1,0
34,CLEVELAND WEST 44028,COLUMBIA STATION,OH,44028,750,490,0,0,0,helene.sellman@copart.com,1,0
36,"COLORADO SPRINGS, CO",COLORADO SPRINGS,CO,80907,1150,800,0,0,0,samantha.crane@copart.com,1,0
37,COLUMBIA MO 65201,COLUMBIA,MO,65201,700,750,0,0,0,terra.russell@copart.com,1,0
38,COLUMBUS 43207,COLUMBUS,OH,43207,750,450,0,0,0,chris.brown@copart.com,1,0
39,"CORPUS CHRISTI, TX 78405",CORPUS CHRISTI,TX,78405,800,1250,0,0,0,bob.ocanas@copart.com,1,0
40,CRASHEDTOYS ATLANTA 30344,EAST POINT,GA,30344,350,850,0,375,0,"",1,0
41,"CRASHEDTOYS EAST BETHEL, MN 55011",EAST BETHEL,MN,55011,1150,680,0,0,0,"",1,0
42,CRASHEDTOYS MINNEAPOLIS 55434,BLAINE,MN,55434,1200,700,0,0,0,kari.bicha@copart.com,1,0
43,ATLANTA NORTH 30507,GAINESVILLE,GA,30507,325,0,0,380,0,eric.smart@copart.com,1,0
46,DES MOINES 50317,DES MOINES,IA,50317,0,600,0,0,0,jackie.wallin@copart.com,1,0
47,"EL PASO, TX 79821",Anthony,TX,79821,0,0,0,625,0,ignacio.elizondo@copart.com,1,0
50,FORT WAYNE 46803,FORT WAYNE,IN,46803,850,600,0,0,0,allison.terhune@copart.com,1,0
51,CHICAGO SOUTH 60411,CHICAGO HEIGHTS,IL,60411,850,600,0,730,0,miguel.ayala@copart.com,1,0
53,HAMMOND 46320,HAMMOND,IN,46320,0,500,0,0,0,"",1,0
54,"HAMPTON,VA 23666",HAMPTON,VA,23666,600,380,0,600,0,ryan.alequin@copart.com,1,0
56,HELENA 59601,HELENA,MT,59601,0,1400,0,0,0,kaitlyn.monroe@copart.com,1,0
57,HONOLULU (KAPOLEI) 96707,KAPOLEI,HI,96707,4500,5200,0,6000,0,"",1,0
58,HONOLULU (KAILUA-KONA) 96707,KAILUA-KONA,0,0,4200,5200,0,5800,0,"",1,0
59,HONOLULU ( LIHUE) 96707,LIHUE,0,0,4550,5550,0,5700,0,apolonia.duclayan@copart.com,1,0
60,HONOLULU (MAUI) 96707,MAUI,0,0,4500,5200,0,5900,0,"",1,0
61,"ABILENE, TX 79601",ABILENE,TX,79601,850,0,0,800,0,danielle.stewart@copart.com,1,0
62,IA - CRASHEDTOYS ELDRIDGE,ELDRIDGE,IA,52748,0,650,0,0,0,"",1,0
64,MADISON 53718,MADISON,WI,53718,0,800,0,0,0,"",1,0
741,El Paso 79927,El Paso,TX,79927,0,0,515,690,0,"",4,0
49,EXETER,EXETER,RI,2822,0,435,0,0,0,joshua.gaudette@copart.com,1,0
65,"MILWAUKEE, WI 53110",MILWAUKEE,WI,53110,0,725,0,0,0,"",1,0
19,ANTELOPE 95843,ANTELOPE,CA,95843,1600,0,0,1550,0,michael.sprifke@copart.com,1,450
29,BAKERSFIELD 93307,BAKERSFIELD,CA,93307,1650,0,0,1650,0,jose.avila@copart.com,1,310
24,SACRAMENTO (CA) 95828,SACRAMENTO,CA,95828,1600,1600,0,0,0,"",1,360
44,FRESNO 93725,FRESNO,CA,93725,1600,1600,0,1450,0,ana.deleon@copart.com,1,300
48,EUGENE 97402,EUGENE,OR,97402,1800,1600,0,1600,0,tyler.dschaak@copart.com,1,650
52,GRAHAM 98338,GRAHAM,WA,98338,2000,1650,0,1800,0,robert.foehl@copart.com,1,750
35,HAYWARD 94545,HAYWARD,CA,94545,1600,1600,0,1560,0,"",1,395
55,"CRASHEDTOYS SACRAMENTO, CA 95828",SACRAMENTO,CA,95828,1600,1600,0,1500,0,anthony.jones@copart.com,1,360
66,PITTSBURGH EAST (PA) 15611,ADAMSBURG,PA,15611,0,450,0,0,0,"",1,0
67,DALLAS SOUTH 75172,WILMER,TX,75172,750,0,0,550,0,george.bailey@copart.com,1,0
68,MIAMI CENTRAL 33167,MIAMI,FL,33167,325,800,0,120,0,julio.feliz@copart.com,1,0
69,MONTGOMERY 36116,MONTGOMERY,AL,36116,370,0,0,550,0,eric.leon@copart.com,1,0
70,SEAFORD (DE) 19973,SEAFORD,DE,19973,0,340,0,0,0,samantha.harrell@copart.com,1,0
71,MIAMI SOUTH 33032,HOMESTEAD,FL,33032,325,800,0,135,0,michael.santos@copart.com,1,0
72,MACON (GA) 31008,BYRON,GA,31008,320,850,0,375,0,brandy.allen@copart.com,1,0
73,SAVANNAH (GA) 31405,SAVANNAH,GA,31405,150,0,0,375,0,allen.stewart@copart.com,1,0
74,ROCHESTER (NY) 14482,LEROY,NY,14482,0,400,0,0,0,scott.mccumiskey@copart.com,1,0
75,"LUMBERTON, NC 28360",LUMBERTON,NC,28360,400,450,0,0,0,lindsay.coats@copart.com,1,0
76,MEBANE 27302,MEBANE,NC,27302,415,450,0,0,0,hector.hernandez@copart.com,1,0
77,RALEIGH (NC) 28334,DUNN,NC,28334,315,430,0,0,0,anthony.morris3@copart.com,1,0
78,PHILADELPHIA (PA) 18073,PENNSBURG,PA,18073,0,225,0,0,0,edward.davidheiser@copart.com,1,0
79,PHILADELPHIA EAST (PA) 18914,CHALFONT,PA,18914,0,225,0,0,0,krista.nicholson@copart.com,1,0
80,SCRANTON (PA) 18642,DURYEA,PA,18642,0,340,0,0,0,jamie.miley@copart.com,1,0
81,MEMPHIS 38118,MEMPHIS,TN,38118,535,800,0,550,0,christina.beesley@copart.com,1,0
82,RUTLAND (VT) 05736,RUTLAND,VT,5736,0,475,0,0,0,stephen.cornwell@copart.com,1,0
83,RICHMOND (VA) 23150,SANDSTON,VA,23150,0,375,0,0,0,gerald.faries@copart.com,1,0
84,"RICHMOND EAST, VA 23030",CHARLES CITY,VA,23030,0,375,0,0,0,gerald.faries@copart.com,1,0
85,MOBILE 36613,EIGHT MILE,AL,36613,425,0,0,650,0,mark.bond@copart.com,1,0
86,TRENTON (NJ) 08561,WINDSOR,NJ,8561,0,175,0,0,0,"",1,0
87,MIAMI NORTH 33054,opa locka,FL,33054,325,800,0,120,0,duanle.garcia@copart.com,1,0
89,FAYETTEVILLE 72753,PRAIRIE GROVE,AR,72753,800,950,0,0,0,jordan.nase@copart.com,1,0
91,"CICERO, IN 46034",Cicero,IN,46034,650,525,0,0,0,britney.parker@copart.com,1,0
92,CONCORD NC (28025 ),CONCORD,NC,28025,410,500,0,0,0,hilda.rebollar@copart.com,1,0
93,"MCALLEN, TX 78570",MERCEDES,TX,78570,690,0,0,675,0,david.landon@copart.com,1,0
94,"IONIA, MI 48875",PORTLAND,MI,48875,800,550,0,0,0,dawn.stinson@copart.com,1,0
95,JACKSONVILLE EAST 32209,JACKSONVILLE,FL,32209,250,0,0,300,0,"",1,0
96,KANSAS CITY 66111,KANSAS CITY,KS,66111,750,675,0,0,0,erin.pinzon@copart.com,1,0
97,"LONGVIEW, TX 75603",LONGVIEW,TX,75603,650,0,0,550,0,jeffrey.king@copart.com,1,0
98,KINCHELOE (MI) 49788,KINCHELOE,MI,49788,1200,1000,0,0,0,jonathan.kingen@copart.com,1,0
99,KNOXVILLE 37354,MADISONVILLE,TN,37354,450,575,0,550,0,eddie.tredinnick@copart.com,1,0
100,LANSING 48917,LANSING,MI,48917,800,575,0,0,0,juan.pena1@copart.com,1,0
102,LEXINGTON EAST 40509,LEXINGTON,KY,40509,535,500,0,0,0,james.morgan@copart.com,1,0
103,LEXINGTON WEST 40342,LAWRENCEBU RG,KY,40342,535,500,0,0,0,joyce.middleton@copart.com,1,0
104,LINCOLN 68366,GREENWOOD,NE,68366,1000,700,0,0,0,glenn.shipman@copart.com,1,0
105,LITTLE ROCK 72032,CONWAY,AR,72032,650,900,0,0,0,brian.anible@copart.com,1,0
106,JACKSON 39073,FLORENCE,MS,39073,525,0,0,580,0,charles.payne@copart.com,1,0
107,LYMAN 04002,LYMAN,ME,4002,0,450,0,0,0,sean.kenney@copart.com,1,0
108,OCALA 34482,OCALA,FL,34482,300,0,0,250,0,ryan.zbikowski@copart.com,1,0
109,NASHVILLE 37090,LEBANON,TN,37090,430,600,0,500,0,colin.brand@copart.com,1,0
110,NEW ORLEANS 70129,NEW ORLEANS,LA,70129,475,0,0,500,0,adam.kennedy@copart.com,1,0
113,OKLAHOMA CITY 73129,OKLAHOMA CITY,OK,73129,750,880,0,0,0,austin.hampton@copart.com,1,0
114,ORLANDO NORTH (FL),APOPKA,FL,32712,310,900,0,250,0,mohammed.albalawi@copart.com,1,0
115,PEORIA (IL) 61554,PEKIN,IL,61554,0,625,0,0,0,marcus.shipe@copart.com,1,0
116,PITTSBURGH SOUTH (PA) 15122,WEST MIFFLIN,PA,15122,0,450,0,0,0,william.shay@copart.com,1,0
117,"PITTSBURGH WEST, (PA) 15122",WEST MIFFLIN,PA,15122,0,450,0,0,0,william.shay@copart.com,1,0
120,SAN ANTONIO (TX) 78224,SAN ANTONIO,TX,78224,0,0,0,515,0,gina.campos@copart.com,1,0
123,SPRINGFIELD (MO) 65742,ROGERSVILLE,MO,65742,625,630,0,0,0,"",1,0
124,SHREVEPORT (LA) 71109,SHREVEPORT,LA,71109,550,0,0,0,0,jeff.stuart@copart.com,1,0
111,NORTH SEATTLE 98223,ARLINGTON,WA,98223,2000,1600,0,1550,0,harold.reynolds@copart.com,1,850
112,OGDEN UT,FARR WEST,UT,84404,0,1400,0,0,0,luke.johnson@copart.com,1,525
118,PORTLAND SOUTH (OR) 97071,WOODBURN,OR,97071,0,1350,0,0,0,andrew.stolzman@copart.com,1,650
128,REDDING (CA) 96007,ANDERSON,CA,96007,0,0,0,1600,0,juan.ramirez@copart.com,1,600
119,RENO (NV) 89506,RENO,NV,89506,0,1600,0,1350,0,jeremy.stratton@copart.com,1,500
121,SAN BERNARDINO (CA) 92324,COLTON,CA,92324,1550,1550,0,1450,0,lawrence.chen@copart.com,1,210
125,SO SACRAMENTO 95828,SACRAMENTO,CA,95828,1600,1650,0,1550,0,donald.hillyard@copart.com,1,390
127,SUN VALLEY (CA) 91352,SUN VALLEY,CA,91352,1550,1550,0,1500,0,alfonso.argott@copart.com,1,245
90,TUCSON AZ) 85706,TUCSON,AZ,85706,0,0,0,1150,0,cesar.villegas@copart.com,1,390
122,SAN JOSE (CA) 95046,SAN MARTIN,CA,95046,0,1550,0,1550,0,mary.volz@copart.com,1,395
132,JACKSONVILLE NORTH 32218,JACKSONVILLE,FL,32218,250,0,0,300,0,robert.meacham@copart.com,1,0
133,JACKSONVILLE WEST 32220,JACKSONVILLE,FL,32220,250,0,0,300,0,"",1,0
134,Kansas CITY  Yard 17 KS City Sublot,Kansas City,KS,66111,725,725,0,750,0,"",1,0
135,TALLAHASSEE (FL) 32343,MIDWAY,FL,32343,375,0,0,380,0,garrett.wolff@copart.com,1,0
136,TAMPA SOUTH (FL) 33578,RIVERVIEW,FL,33578,370,750,0,270,0,james.holtmann@copart.com,1,0
137,WEST PALM BEACH (FL) 33411,WEST PALM BEACH,FL,33411,320,0,0,250,0,kevin.arroyave@copart.com,1,0
138,TIFTON (GA) 31794,TIFTON,GA,31794,310,0,0,370,0,melanie.johnson1@copart.com,1,0
139,SOUTH BOSTON (MA) 01756,MENDON,MA,1756,0,375,0,0,0,sean.gesner@copart.com,1,0
140,WEST WARREN (MA) 01092,WEST WARREN,MA,1092,0,350,0,0,0,tara.parzychowski@copart.com,1,0
141,SOMERVILLE (NJ) 08844,HILLSBOROUG H,NJ,8844,0,195,0,0,0,rafal.brozyna@copart.com,1,0
142,TRENTON JOBSTOWN SUBLOT (NJ) 08041,JOBSTOWN,NJ,8041,450,200,0,0,0,jeri.priolo@copart.com,1,0
144,NEWBURGH/Marlbo ro 12542,MARLBORO,NY,12542,0,285,0,0,0,mike.cassata@copart.com,1,0
145,SYRACUSE (NY) 13036,CENTRAL SQUARE,NY,13036,0,375,0,0,0,nathan.caralla@copart.com,1,0
146,HARRISBURG 17028,GRANTVILLE,PA,17028,800,310,0,0,0,alex.ciambrone@copart.com,1,0
147,TANNER (AL) 35671,TANNER,AL,35671,425,0,0,550,0,zachary.atchley@copart.com,1,0
148,YORK HAVEN (PA) 17370,YORK HAVEN,PA,17370,0,330,0,0,0,jeffrey.micklitsch@copart.com,1,0
150,FREDERICKSBURG (VA) 22408,FREDERICKSB URG,VA,22408,520,490,0,0,0,frederick.stephenson@copart.com,1,0
151,MANHEIM NEW ENGLAND,North Dighton,MA,2764,0,275,0,0,0,david.carlucci@coxautoinc.com,1,0
152,Miami Terminal,Miami,FL,33332,0,0,0,0,0,"",1,0
153,IN - Dyer,Dyer,IN,46311,700,625,0,0,0,lisa.benecke@copart.com,1,0
154,SOUTHERN ILLINOIS (IL) 62207,ALORTON,IL,62207,650,650,0,650,0,michael.tovar@copart.com,1,0
155,MS - Grenada,Grenada,MS,38901,550,800,0,500,0,samuel.martin@copart.com,1,0
156,Earlington,Earlington,Kentucky,42410,575,550,0,0,0,"",1,0
158,GA - Fairburn,Fairburn,GA,30213,325,0,0,375,0,tiffany.johnson@copart.com,1,0
159,DANVILLE 24531,CHATHAM,VA,24531,490,490,0,0,0,wendy.farris@copart.com,1,0
161,SPARTANBURG (SC) 29301,SPARTANBURG,SC,29301,290,575,0,0,0,robert.colton@copart.com,1,0
162,ATLANTA SOUTH 30294,ELLENWOOD,GA,30294,325,0,0,380,0,sara.germani@copart.com,1,0
163,"ANDREWS, TX 79714",ANDREWS,TX,79714,0,0,0,550,0,james.smith5@copart.com,1,0
164,BATON ROUGE 70739,GREENWELL SPRINGS,LA,70739,500,900,0,610,0,christopher.pourciau@copart.com,1,0
165,BOISE 83651,NAMPA,ID,83651,1800,1400,0,0,0,alyssa.guerrero@copart.com,1,0
167,CANDIA NH 03034,Candia,NH,3034,900,435,0,0,0,wendy.szymczycha@copart.com,1,0
168,WASHINGTON (DC) 20602,WASHINGTON,DC,20602,475,375,0,575,0,"",1,0
169,CRASHEDTOYS DALLAS,DALLAS,TX,75247,800,1000,0,500,0,matt.richards@copart.com,1,0
170,"DENVER CENTRAL, CO 80229",DENVER,CO,80229,825,750,0,0,0,eric.schleeter@copart.com,1,0
171,"DAYTON, OH 45439",Moraine,OH,45439,800,450,0,0,0,benjamin.hardin@copart.com,1,0
172,"DENVER SOUTH, CO 80125",LITTLETON,CO,80125,900,750,0,0,0,eric.schleeter@copart.com,1,0
173,FLINT 48423,Davison,MI,48423,800,550,0,0,0,jonathan.kingen@copart.com,1,0
174,CHARLESTON/Hurri cane 25526,HURRICANE,WV,25526,700,560,0,0,0,brandi.evans@copart.com,1,0
175,Houston East,Houston,TX,77049,600,0,0,500,0,james.kawa@copart.com,1,0
176,"LUFKIN, TX 75904",LUFKIN,TX,75904,0,0,0,550,0,joshua.gardner@copart.com,1,0
177,WACO (TX) 76501,TEMPLE,TX,76501,0,775,0,675,0,jessica.clark@copart.com,1,0
178,MINNEAPOLIS NORTH 55304,HAM LAKE,MN,55304,0,770,0,0,0,kayla.teeselink@copart.com,1,0
179,ORLANDO SOUTH (FL),ORLANDO,FL,32824,310,900,0,250,0,daniel.sullivan@copart.com,1,0
181,PITTSBURGH NORTH (PA) 16117,ELLWOOD CITY,PA,16117,0,450,0,0,0,terri.dambra@copart.com,1,0
184,SIKESTON (MO) 63801,SIKESTON,MO,63801,600,650,0,0,0,debbie.fisher@copart.com,1,0
185,ALBUQUERQUE 87105,ALBUQUERQU E,NM,87105,1050,0,0,0,0,vicki.garcia@copart.com,1,0
186,SPOKANE (WA) 99001,AIRWAY HEIGHTS,WA,99001,0,1600,0,1750,0,devin.malpasuto@copart.com,1,0
187,ST. CLOUD (MN) 56310,AVON,MN,56310,0,680,0,0,0,michelle.polaski@copart.com,1,0
188,ST. LOUIS (MO) 63044,BRIDGETON,MO,63044,0,590,0,0,0,jaelyn.stringer@copart.com,1,0
189,TULSA (OK) 74107,TULSA,OK,74107,750,750,0,600,0,rachel.fashing@copart.com,1,0
190,ATLANTA EAST 30052,LOGANVILLE,GA,30052,325,0,0,375,0,tiffany.todd@copart.com,1,0
149,DOTHAN 36352,HARLEYVILLE,SC,29448,300,0,0,410,0,lyndsey.mizell@copart.com,1,0
131,LOS ANGELES 90001,LOS ANGELES,CA,90001,1400,1400,0,1275,0,jaime.valdivia@copart.com,1,175
160,NV - LAS VEGAS WEST Lucky Sublot,ARROLIME,NV,89165,1300,1320,0,1200,0,michelle.mcclellan@copart.com,1,350
180,PASCO (WA) 99301,PASCO,WA,99301,0,1600,0,1600,0,chuck.penney@copart.com,1,825
182,PORTLAND NORTH (OR) 97218,PORTLAND,OR,97218,0,1350,0,0,0,carrie.preisinger@copart.com,1,650
183,SALT LAKE CITY (UT) 84044,7320 WEST,UT,84044,1600,1400,0,1200,0,brady.guay@copart.com,1,525
157,SAN DIEGO (CA) 92154,SAN DIEGO,CA,92154,1550,1550,0,1375,0,christopher.porter@copart.com,1,250
129,VALLEJO (CA) 94590,VALLEJO,CA,94590,1500,1550,0,1400,0,sione.latuhoi@copart.com,1,390
191,WALTON (KY) 41094,WALTON,KY,41094,0,490,0,0,0,holly.sawyers@copart.com,1,0
192,WHEELING (IL) 60090,WHEELING,IL,60090,0,550,0,0,0,keaston.bonnell@copart.com,1,0
193,WICHITA (KS) 67216,WICHITA,KS,67216,0,750,0,0,0,ryan.barill@copart.com,1,0
194,Windham,Windham,ME,4062,750,455,0,1300,0,sean.kenney@copart.com,1,0
195,"MOCKSVILLE, NC 27028",MOCKSVILLE,NC,27028,350,450,0,425,0,seth.arey@copart.com,1,0
197,NORTH BOSTON 01862,NORTH BILLERICA,MA,1862,0,380,0,0,0,patrick.serra@copart.com,1,0
199,Clewiston Sublot,CLEWISTON,FL,33440,325,0,0,270,0,julio.feliz@copart.com,1,0
201,GA - Augusta,Augusta,GA,30906,235,0,0,410,0,gm.yard359@copart.com,1,0
202,MILWAUKEE SOUTH,Franklin,Wisconsin,53132,0,725,0,0,0,jeff.jordan@copart.com,1,0
204,AL - Mobile South,Theodore,AL,36582,480,0,0,550,0,gm.yard184@copart.com,1,0
206,INDIANAPOLIS 46254,INDIANAPOLIS,IN,46254,0,500,0,0,0,patrick.harrison@copart.com,1,0
207,LOUISVILLE 40272,LOUISVILLE,KY,40272,500,500,0,0,0,colleen.huff@copart.com,1,0
208,"Wayland, 49348",Wayland,MI,49348,0,550,0,0,0,"",1,0
209,WASHINGTON DC DC,WASHINGTON DC DC,DC,20602,475,375,0,575,0,"",1,0
210,WEST MIFFLIN PA,PITTSBURGH SOUTH,PA,15122,0,450,0,0,0,"",1,0
211,(LEBANON  - TN),LEBANON,TN,0,430,600,0,500,0,colin.brand@copart.com,1,0
214,PITTSBURGH NORTH (PA) 16117 (ELLWOOD CITY PA),ELLWOOD CITY,PA,16117,0,450,0,0,0,terri.dambra@copart.com,1,0
216,ATLANTA WEST 30168 (AUSTELL GA),AUSTELL,GA,30168,325,0,0,380,0,renato.parris@copart.com,1,0
217,MIAMI SOUTH 33032 (HOMESTEAD FL),HOMESTEAD,FL,33032,325,800,0,135,0,michael.santos@copart.com,1,0
218,HARTFORD 06051(NEW BRITAIN CT),NEW BRITAIN,CT,6051,800,290,0,0,0,jim.costello@copart.com,1,0
219,"Gastonia, 28052",Gastonia,NC,28052,350,0,0,0,0,"",1,0
220,NEWBURGH/Marlbo ro 12542 (MARLBORO NY),MARLBORO,NY,12542,0,285,0,0,0,mike.cassata@copart.com,1,0
222,FLINT 48423 (DAVISON MI),DAVISON,MI,48423,800,550,0,0,0,jonathan.kingen@copart.com,1,0
224,"BUFFALO, NY 14006",BUFFALO,NY,14006,0,525,0,0,0,tim.bennett@copart.com,1,0
225,"BUFFALO, NY 14006 (ANGOLA NY)",ANGOLA,NY,14006,0,525,0,0,0,tim.bennett@copart.com,1,0
226,LEXINGTON WEST 40342 (LAWRENCEBURG KY),LAWRENCEBURG,KY,40342,535,500,0,0,0,joyce.middleton@copart.com,1,0
227,PUNTA GORDA SOUTH (FL) 33982,PUNTA GORDA SOUTH,FL,33982,350,0,0,270,0,"",1,0
228,Tampa North (FL) 34667,Tampa North,FL,34667,325,0,0,260,0,mgr-Tampa_North@iaai.com,1,0
229,"AKRON (OH), 44203",Barberton,OH,44203,0,450,0,0,0,"",1,0
230,"Akron (OH), 44203",Barberton,OH,44203,0,450,0,0,0,"",1,0
231,FREETOWN (MA),FREETOWN,MA,2702,0,375,0,0,0,thure.wester@copart.com,1,0
232,"TRENTON Yard 026 SUBLOT, 18073",PENNSBURG,PA,18073,0,285,0,0,0,"",1,0
233,CHALFONT (PA),CHALFONT,PA,18914,0,275,0,0,0,"",1,0
234,FRANKLIN (WI),FRANKLIN,WI,53110,0,725,0,0,0,"",1,0
235,"TAYLR Sublot, 76574",TAYLOR,TX,76574,0,0,0,675,0,"",1,0
236,TEMPLE TX,TEMPLE,TX,76574,0,0,0,675,0,"",1,0
237,MILWAUKEE NORTH (WI),MILWAUKEE NORTH,WI,53224,0,725,0,0,0,"",1,0
239,MINNEAPOLIS NORTH (MN),MINNEAPOLIS NORTH,MN,55434,0,770,0,0,0,"",1,0
240,Omaha South,Greenwood,NE,68366,775,725,0,0,0,mgr-OmahaSouth@iaai.com,1,0
242,"WACO, TX",WACO,TX,76574,0,775,0,675,0,"",1,0
243,LINCOLN (NE),LINCOLN,NE,68366,1000,700,775,0,665,"",1,0
244,ATLANTA NORTH 30507 (GAINESVILLE GA),GAINESVILLE,GA,30507,325,0,0,380,0,eric.smart@copart.com,1,0
245,SHA LIU,GASTON,SC,29053,265,575,0,575,0,terra.russell@copart.com,1,0
246,DUNN (NC),RALEIGH,NC,28334,315,430,0,0,0,"",1,0
247,OKEECHOBEE 34972,OKEECHOBEE,FL,34972,425,0,0,250,0,"",1,0
248,RALEIGH NORTH 27545,RALEIGH,NC,27545,325,450,0,0,0,"",1,0
250,GASTON SC,COLUMBIA,SC,29053,350,550,0,0,0,"",1,0
251,TAMPA SOUTH (FL) 33578 (RIVERVIEW FL),RIVERVIEW,FL,33578,400,750,0,270,0,james.holtmann@copart.com,1,0
252,WALDORF MD,WASHINGTON DC,MD,20602,475,375,0,575,0,"",1,0
253,DALLAS SOUTH 75172 (WILMER TX),WILMER,TX,75172,750,0,0,550,0,george.bailey@copart.com,1,0
254,WINDSOR NJ,TRENTON,NJ,8028,0,250,0,0,0,"",1,0
255,"NORTH AUSTIN, 76574",Taylor,TX,76574,800,0,0,625,0,filadelfo.ramirez@copart.com,1,0
198,HAYWARD - DESERT VIEW,HAYWARD,CA,94545,0,1600,0,1520,0,allie.palmer@copart.com,1,395
238,"Las Vegas West, 89032",Las Vegas,NV,89032,1300,1320,0,1200,0,"",1,350
213,LONG BEACH (CA) 90744 (WILMINGTON CA),WILMINGTON,CA,90744,1500,1600,0,1300,0,robert.zepeda@copart.com,1,160
196,LONG BEACH (CA) 90744,WILMINGTON,CA,90744,1500,1600,0,1300,0,robert.zepeda@copart.com,1,160
200,MENTONE (CA) 92359,MENTONE,CA,92359,1400,0,0,1350,0,elizabeth.carrillo@copart.com,1,250
256,NAPA CA,NAPA,CA,94503,1700,0,0,1400,0,"",1,510
221,NORTH SEATTLE 98223 (ARLINGTON WA),ARLINGTON,WA,98223,2000,1600,0,1550,0,harold.reynolds@copart.com,1,850
203,AZ - Phoenix North,Phoenix,AZ,85085,1100,0,0,1000,0,nick.napier@copart.com,1,400
249,RANCHO CUCAMONGA (CA) 91739,RANCHO CUCAMONGA,CA,91739,1375,1450,0,1300,0,jesus.vaca@copart.com,1,225
212,SAN JOSE (CA) 95046 (SAN MARTIN),SAN MARTIN,CA,0,0,1550,0,1550,0,mary.volz@copart.com,1,395
257,"TRENTON YORK HAVEN, 17370",YORK HAVEN,PA,17370,0,275,0,0,0,"",1,0
258,Bismarck 58504,Bismarck,ND,58504,1100,1100,0,0,0,"",1,0
259,GRAND PRAIRIE TX,DALLAS,TX,75051,750,0,0,525,0,"",1,0
260,PHILADELPHIA EAST SUBLOT PA,Chalfont,PA,18914,700,275,0,0,0,krista.nicholson@copart.com,1,0
261,Abilene 79601,Hawley,TX,79525,0,0,370,800,0,"",2,0
264,Albany 12303,Schenectady,NY,12303,0,340,0,0,0,"",2,0
266,Altoona 16637,East Freedom,PA,16637,800,435,1300,0,600,"",2,0
268,Anchorage (AK),Wasilla,AK,99654,3500,3500,3500,3500,3500,"",2,0
269,Appleton 54914,Appleton,WI,54914,0,750,0,0,475,"",2,0
270,Asheville (NC) 28732,Fletcher,NC,28732,380,525,0,0,0,"",2,0
271,Ashland 41102,Ashland,KY,41102,550,550,0,0,0,"",2,0
272,Avenel New Jersey 07001,Avenel,NJ,7001,0,195,0,0,0,"",2,0
273,Baltimore 21226,Baltimore,MD,21226,0,325,0,0,0,"",2,0
274,Baton Rouge 70754,Livingston,LA,70754,450,0,370,0,0,"",2,0
275,Billings (MT) 59101,Billings,MT,59101,1700,1400,1400,1600,1200,"",2,0
276,Birmingham 35022,Bessemer,AL,35022,400,0,550,0,0,"",2,0
277,Boise 83605,Meridian,ID,83642,1800,1400,1050,0,950,"",2,0
278,Boston - Shirley (MA) 01464,Shirley,MA,1464,0,380,0,0,0,"",2,0
279,Bowling Green (KY) 42101,Bowling Green,KY,42101,0,600,0,0,400,"",2,0
280,Buckhannon 26201,Buckhannon,WV,26201,0,550,0,0,600,"",2,0
281,Buffalo 14207,buffalo,NY,14207,0,500,0,0,0,"",2,0
282,Burlington 05451,Essex,VT,5451,0,515,0,0,0,"",2,0
283,Casper,Casper,WY,82601,0,1400,0,0,950,"",2,0
284,Central New Jersey 07751,Morganville,NJ,7751,0,185,0,0,0,"",2,0
285,Charleston 29470,Ravenel,SC,29470,275,0,0,420,0,"",2,0
286,Charlotte 28206,Charlotte,NC,28206,350,550,0,415,0,"",2,0
287,Chattanooga 37404,Chattanooga,TN,37404,450,0,0,575,0,"",2,0
289,Chicago-South 60428,Markham,IL,60428,0,600,0,0,175,"",2,0
290,Cincinnati 45069,West Chester,OH,45069,0,550,0,0,390,"",2,0
291,Cincinnati-South 45102,Amelia,OH,45102,0,550,0,0,390,"",2,0
292,Clearwater 33760,Clearwater,FL,33760,350,0,0,275,0,"",2,0
293,Cleveland 44053,Lorain,OH,44053,0,510,0,0,0,"",2,0
294,"Columbia, SC 29209",Columbia,SC,29209,255,500,0,450,0,"",2,0
295,Concord 28025,Concord,NC,28025,350,475,0,0,0,"",2,0
297,"Culpeper, VA 22701",Culpeper,VA,22701,0,380,0,0,0,"",2,0
299,Davenport 52802,Davenport,IA,52802,0,625,0,0,350,"",2,0
300,Dayton 45427,Dayton,OH,45417,0,500,0,0,375,"",2,0
301,Denver 80221,Denver,CO,80221,0,780,680,0,0,"",2,0
302,Denver East (CO) 80022,Commerce City,CO,80022,0,780,700,0,0,"",2,0
303,Des Moines 50069,De Soto,IA,50069,0,600,0,0,475,"",2,0
304,Dothan 36345,Headland,AL,36345,390,0,0,0,0,"",2,0
305,Dundalk (MD) 21222,Dundalk,MD,21222,0,355,0,0,0,"",2,0
306,El Paso 79927,El Paso,TX,79927,0,0,515,690,0,"",2,0
307,Elkton (MD) 21921,Elkton,MD,21921,0,275,0,0,0,"",2,0
308,Erie 16416,Garland,PA,16416,0,500,0,0,500,"",2,0
310,Fargo 58102,Fargo,ND,58102,0,1175,0,0,1035,"",2,0
311,Flint MI 48507,Flint,MI,48507,0,525,0,0,425,"",2,0
312,Fort Myers (FL) 33903,Fort Myers,FL,33913,350,0,0,285,0,"",2,0
313,"Fort Pierce, FL 34945",Fort Pierce,FL,34945,415,900,900,0,1300,"",2,0
314,Fredericksgburg South 22408,Fredericksburg,VA,22408,650,490,1000,0,700,"",2,0
315,Grand Rapids 49315,Byron Center,MI,49315,0,550,0,0,480,"",2,0
316,Greenville 29681,Simpsonville,SC,29681,290,525,0,0,0,"",2,0
317,Grenada (MS) 38901,Grenada,MS,38901,450,600,500,0,0,"",2,0
320,Akron-Canton 44663,New Philadelphia,OH,44663,650,490,1000,0,450,"",2,0
323,Chicago-West 60505,Aurora,IL,60505,0,550,0,0,200,"",2,0
327,Columbus OH 43123,Grove City,OH,43123,500,450,0,0,0,"",2,0
328,Detroit 48111,Belleville,MI,48111,0,550,0,700,450,"",2,0
329,Englishtown (NJ) 07726,Englishtown,NJ,7726,800,200,0,0,0,"",2,0
330,Greensboro 27253,Graham,NC,27253,350,450,0,450,0,"",2,0
331,Atlanta North 30101,Acworth,GA,30101,325,0,0,375,0,"",2,0
296,Corpus Christi 78405,Corpus Christi,TX,78405,800,0,300,650,0,"",2,0
265,Albuquerque 87105,Albuquerque,NM,87105,1050,0,0,950,0,"",2,0
263,ACE - Perris (CA) 92571,Perris,CA,92571,1250,1400,0,1250,0,"",2,225
267,Amarillo (TX) 79118,Amarillo,TX,79118,900,0,0,720,0,Mgr-Amarillo@iaai.com,2,0
309,Eugene 97402,Eugene,OR,97402,0,1600,0,0,1400,"",2,650
288,Chicago-North 60118,East Dundee,IL,60118,550,550,0,0,175,"",2,0
321,Anaheim 92806,Anaheim,CA,92806,1400,1450,0,1350,0,"",2,175
262,ACE - Carson (CA) 90248,Carson,CA,90248,1400,0,0,1250,0,"",2,175
319,East Bay 94565,Bay Point,CA,94565,1600,1600,0,1550,0,"",2,390
322,Colton (CA) 92324,Colton,CA,92324,1450,1450,0,1450,0,"",2,200
324,Fontana 92335,Fontana,CA,92335,1450,1450,0,1450,0,"",2,210
318,Fremont 94538,Fremont,CA,94538,1600,1600,1000,1550,1400,"",2,390
325,Fresno 93705,Fresno,CA,93705,1600,1600,0,1550,0,"",2,300
332,Atlanta East 30680,Winder,GA,30680,300,0,0,375,0,"",2,0
333,Dallas 75172,Wilmer,TX,75172,670,0,275,525,0,"",2,0
334,Austin 78616,Dale,TX,78616,800,0,0,600,0,"",2,0
336,Atlanta 30052,Loganville,GA,30052,315,0,0,375,0,"",2,0
337,Gulf Coast (MS) 39562,Moss Point,MS,39562,450,0,525,500,0,"",2,0
338,Hartford 06088,East Windsor,CT,6088,0,290,0,0,0,"",2,0
339,Hartford-South 06457,Middletown,CT,6457,0,315,0,0,0,"",2,0
340,Honolulu (Kailua- Kona Hawaii island) 96707,Kailua-Kona Hawaii island,HI,0,5500,5500,5500,5500,5500,"",2,0
341,Honolulu (Kapolei Oahu island) 96707,Kapolei Oahu island,HI,96707,5500,5500,5500,5500,5500,"",2,0
342,Honolulu (Lihue Kauai island) 96707,Lihue Kauai island,HI,0,5500,5550,3950,5500,5500,"",2,0
343,Honolulu (Maui Maui Island) 96707,Maui Maui Island,HI,0,5500,5500,5500,5500,5500,"",2,0
344,Huntsville 35613,Athens,AL,35613,400,0,0,500,0,"",2,0
345,Indianapolis 46217,Indianapolis,IN,46217,0,550,0,0,250,"",2,0
346,Jackson 39272,Byram,MS,39272,450,0,450,500,0,"",2,0
347,Jacksonville 32218,Jacksonville,FL,32218,285,0,0,260,0,"",2,0
348,Knoxville 37914,Knoxville,TN,37914,400,0,0,500,0,"",2,0
349,Lafayette (LA) 70507,Lafayette,LA,70507,450,0,325,500,0,"",2,0
351,Laurel 20707,Laurel,MD,20707,0,335,0,0,0,"",2,0
352,Lexington (SC) 29073,Lexington,SC,29073,345,550,0,0,0,"",2,0
353,Lincoln 62656,Lincoln,IL,62656,0,590,0,0,275,"",2,0
354,Little Rock 72142,Scott,AR,72142,500,0,450,0,0,"",2,0
355,LIVINGSTON (LA) 70754,LIVINGSTON,LA,70754,450,0,350,0,0,"",2,0
357,Louisville (KY) 40165,Shepherdsville,KY,40165,500,550,0,0,400,"",2,0
358,Louisville North (KY),Eminence,KY,40019,500,550,0,0,400,"",2,0
359,"Lubbock, TX 79415",Lubbock,TX,79415,0,0,450,680,0,"",2,0
360,Macon (GA) 31217,Macon,GA,31217,315,0,0,380,0,"",2,0
361,Manchester 03079,Salem,NH,3079,0,370,0,0,0,"",2,0
362,Memphis 38118,Memphis,TN,38118,490,0,0,560,0,"",2,0
363,Miami 33054,Opa Locka,FL,33054,350,0,0,125,0,"",2,0
364,Miami-North 33332,fort lauderdale,FL,33332,350,0,0,125,0,"",2,0
365,Milwaukee 53089,Sussex,WI,53089,0,650,0,0,275,"",2,0
367,Missoula 59802,Missoula,MT,59808,0,1400,1400,1800,1350,"",2,0
368,Nashville 37218,Nashville,TN,37218,435,0,0,575,0,"",2,0
369,New Castle 19720,New Castle,DE,19720,0,325,0,0,0,"",2,0
370,New Orleans 70433,Covington,LA,70433,460,0,370,0,0,"",2,0
371,New Orleans East 70126,New Orleans,LA,70126,460,0,370,0,0,"",2,0
372,Newburgh 12575,Rock Tavern,NY,12575,0,270,0,0,0,"",2,0
373,Northern New Jersey 07008,Carteret,NJ,7008,0,200,0,0,0,"",2,0
374,Northern Virginia 22406,Fredericksburg,VA,22406,0,400,0,0,0,"",2,0
375,Oklahoma City 73121,Oklahoma City,OK,73121,800,800,400,600,0,"",2,0
376,Omaha 68059,Springfield,NE,68059,0,650,0,0,0,"",2,0
377,Orlando 32824,Orlando,FL,32824,325,0,0,225,0,"",2,0
378,Orlando-North 32773,Sanford,FL,32773,325,0,0,225,0,"",2,0
379,Paducah 42002,Paducah,KY,42002,325,0,0,225,0,"",2,0
380,Pensacola 32583,Milton,FL,32583,410,0,0,370,0,"",2,0
381,Permian Basin 79764,Odessa,TX,79764,0,0,410,900,0,"",2,0
382,Philadelphia 19428,Conshohocken,PA,19428,0,240,0,0,0,"",2,0
383,Philadelphia East 19136,Philadelphia,PA,19136,0,275,0,0,0,"",2,0
384,Pittsburgh 15001,Aliquippa,PA,15001,0,450,0,0,0,"",2,0
385,Pittsburgh-North 15044,Gibsonia,PA,15044,0,450,0,0,0,"",2,0
386,Portage (WI) 53901,Portage,WI,53901,0,715,0,0,400,"",2,0
387,Portland - Gorham (ME),Gorham,ME,4038,0,450,0,0,0,"",2,0
390,Providence (RI) 02915,Riverside,RI,2915,0,395,0,0,0,"",2,0
392,Raleigh 27520,Clayton,NC,27520,295,460,0,0,0,"",2,0
394,Roanoke (VA) 24122,Montvale,VA,24122,0,465,0,0,0,"",2,0
395,Rosedale  21237,Rosedale,MD,21237,0,315,0,0,0,"",2,0
401,Pulaski 24301,Pulaski,VA,24301,480,460,0,0,0,"",2,0
402,McAllen (TX) - 78537,Donna,TX,78537,680,0,0,600,0,"",2,0
403,Houston South 77583,Rosharon,TX,77583,650,0,150,500,0,"",2,0
404,Houston 77038,Houston,TX,77038,650,750,150,480,0,"",2,0
405,Rochester 14416,Bergen,NY,14416,850,400,0,0,0,"",2,0
396,Sacramento 95742,Rancho Cordova,CA,95742,1650,1600,0,1450,0,"",2,390
398,Los Angeles 90248,Gardena,CA,90248,1300,1300,0,1250,0,"",2,175
356,Los Angeles South (CA) 90744,Wilmington,CA,90744,1400,0,0,1350,0,"",2,175
335,Atlanta South 30260,Lake City,GA,30260,325,0,0,375,0,"",2,0
399,North Hollywood 91605,North Hollywood,CA,91605,1300,1300,0,1250,0,"",2,250
350,Las Vegas 89011,Henderson,NV,89011,0,0,900,1000,0,"",2,350
388,Portland 97230,Portland,OR,97230,0,1400,1250,0,995,"",2,650
391,Puyallup 98374,Puyallup,WA,98374,1650,1650,0,0,0,"",2,750
393,Reno 89434,Mccarran,NV,89434,0,1480,1400,1700,0,"",2,500
400,Riverside (CA) 92509,RIVERSIDE,CA,92509,1375,0,0,1300,0,"",2,225
397,Salt Lake City 84401,Ogden,UT,84401,0,1400,0,0,900,"",2,575
406,Houston-North 77032,Houston,TX,77032,650,0,150,500,0,"",2,0
407,Richmond 23005,Ashland,VA,23005,500,375,0,0,0,"",2,0
409,Metro DC 20613,Metro Dc MD,MD,20613,0,315,0,0,0,"",2,0
410,Longview 75605,Longview,TX,75605,650,0,310,560,0,"",2,0
413,Savannah 31326,Rincon,GA,31326,105,0,0,315,0,"",2,0
414,Scranton 18640,Pittston,PA,18640,0,300,0,0,0,"",2,0
416,Shady Spring 25918,Shady Spring,WV,25918,0,530,0,0,550,"",2,0
417,Shreveport (LA),Greenwood,LA,71033,480,0,335,0,0,"",2,0
418,South Bend 46619,South Bend,IN,46619,0,560,0,0,300,"",2,0
419,Southern New Jersey 08012,Turnersville,NJ,8012,0,250,0,0,0,"",2,0
420,Specialty Division IL,Wheeling,IL,60090,0,550,0,0,250,"",2,0
422,Springfield 65803,Springfield,MO,65803,625,675,630,0,450,"",2,0
424,Suffolk (VA) 23434,Suffolk,VA,23434,0,375,0,0,0,"",2,0
425,Syracuse 13039,Cicero,NY,13039,0,350,0,0,0,"",2,0
426,Tampa 34221,Palmetto,FL,34221,325,0,0,260,0,"",2,0
427,Tampa North 34667,Hudson,FL,34667,325,0,0,260,0,"",2,0
428,Taunton 02718,East Taunton,MA,2718,0,380,0,0,0,"",2,0
430,Tidewater VA 23693,Yorktown,VA,23693,0,350,0,0,0,"",2,0
431,Tifton 31794,Tifton,GA,31794,280,0,0,370,0,"",2,0
433,Tulsa  OK 74107,Tulsa,OK,74107,730,830,450,0,0,"",2,0
434,Western Colorado 81416,Delta,CO,81416,0,1550,1400,0,875,"",2,0
435,Wichita (KS) 67219,Wichita,KS,67219,0,900,550,0,600,"",2,0
436,Wilmington 28429,Castle Hayne,NC,28429,360,465,0,0,0,"",2,0
437,"York Springs, PA 17372",York Springs,PA,17372,0,290,0,0,0,"",2,0
438,High Point (NC),High Point,NC,27263,350,0,0,0,0,mgr-HighPoint@iaai.com,2,0
439,Dream Rides,Dream Rides,IL,0,0,0,0,550,0,"",2,0
442,Electric Vehicle Auctions (IL),Electric Vehicle Auctions,IL,1111,525,375,0,575,0,"",2,0
443,Sayreville (NJ),Sayreville,NJ,8872,0,215,0,0,0,mgr-Sayreville@iaai.com,2,0
444,"St Cloud, 56367",RICE,MN,56367,0,770,0,0,0,"",2,0
445,Fort Wayne (IN) 46806,Fort Wayne,IN,46806,0,600,0,0,0,mgr-FortWayne@iaai.com,2,0
446,Indianapolis South (IN),Crothersville,IN,47229,0,560,0,0,0,mgr-IndianapolisSouth@iaai.com,2,0
447,"Sioux Falls Offsite, 57039",LENNOX,SD,57039,950,950,0,0,0,"",2,0
448,Sioux Falls 57039,Lennox,SD,57039,950,950,0,0,590,"",2,0
449,LENNOX SD (57039),LENNOX,SD,57039,950,950,0,0,0,"",2,0
450,Fort Worth North (TX) 76247,JUSTIN,TX,76247,700,0,0,550,0,"",2,0
451,"Minneapolis South, 55065",Minneapolis,MN,55065,900,750,0,0,0,mgr-MinneapolisSouth@iaai.com,2,0
452,MONTICELLO 12701,MONTICELLO,NY,12701,0,300,0,0,0,"",2,0
453,Bridgeport PA 19405,Bridgeport,PA,19405,0,275,0,675,0,Mgr-Bridgeport@iaai.com,2,0
456,Port Murray,"Port Murray,",NJ,7865,450,225,0,700,0,mgr-Port_Murray@iaai.com,2,0
457,"Austin North, 76527",Florence,TX,76527,800,0,0,600,0,mgr-AustinNorth@iaai.com,2,0
459,West Palm Beach (FL)33411,Jupiter,FL,33411,350,0,0,290,0,"",2,0
460,Kansas City 66111,Kansas City,KS,66111,0,650,600,0,400,"",2,0
461,Colorado Springs CO,Colorado Springs,CO,80925,1150,800,0,0,0,"",2,0
462,San Antonio 78211,San Antonio,TX,78211,750,0,320,550,0,"",2,0
463,San Antonio-South 78224,San Antonio,TX,78224,750,0,320,550,0,"",2,0
465,Houston-North (TX),Houston,TX,77032,650,0,0,500,0,Mgr-HoustonNorth@iaai.com,2,0
466,Houston North (TX),Houston North,TX,0,650,0,0,500,0,Mgr-HoustonNorth@iaai.com,2,0
467,Staten Island NY,Long Island,NY,11763,0,235,0,0,0,"",2,0
469,Omaha South,Greenwood,NE,68366,750,700,0,0,0,mgr-OmahaSouth@iaai.com,2,0
471,"CASPER, WY 82604",CASPER,WY,0,1200,1100,1000,0,1210,"",3,0
472,COLUMBIA SC 29053,GASTON,SC,0,305,550,800,0,850,"",3,0
473,CRASHEDTOYS ATLANTA 30344,EAST POINT,GA,0,350,850,850,375,800,"",3,0
411,Long Island (NY),Medford,NY,11763,0,270,0,0,700,"",2,0
470,Long Island (NY),Long Island,NY,11763,0,270,0,0,0,"",2,0
474,"CRASHEDTOYS EAST BETHEL, MN 55011",EAST BETHEL,MN,0,1150,680,1300,0,545,"",3,0
475,"DALLAS, TX 75051",GRAND PRAIRIE,TX,0,0,0,315,0,0,"",3,0
476,"DENVER SOUTH, CO 80125",LITTLETON,CO,0,0,750,775,0,800,"",3,0
477,DENVER/Brighton 80603,BRIGHTON,CO,0,0,775,775,0,800,"",3,0
478,HAMMOND 46320,HAMMOND,IN,0,0,500,0,0,375,"",3,0
468,Portland South OR,Portland South,OR,97071,0,1400,0,0,0,"",2,650
421,Spokane 99224,Spokane Valley,WA,99216,0,1600,0,0,1350,"",2,825
429,Templeton,Templeton,MA,1468,0,350,0,0,0,"",2,0
440,Anaheim Consolidated,Anaheim,CA,92806,1275,1275,0,1200,0,mgr-California@iaai.com,2,225
441,High Desert 92345,Hesperia,CA,92345,0,1550,0,1550,0,"",2,275
408,Phoenix AZ,Phoenix,AZ,85041,1300,0,0,1250,0,"",2,335
412,San Diego 92154,San Diego,CA,92154,1400,1450,0,1250,0,"",2,250
454,Santa Clarita 91387,Santa Clarita,CA,91387,1650,1550,0,1350,0,"",2,250
415,Seattle 98108,Puyallup,WA,98374,1650,1600,0,1650,1150,"",2,750
458,Stockton CA,Stockton CA,CA,95205,1600,1600,0,0,0,"",2,395
432,Tucson 85714,Tucson,AZ,85714,950,1100,750,0,0,"",2,390
479,HAYWARD 94545,HAYWARD,CA,0,0,1600,1000,1420,1400,"",3,0
480,HONOLULU (KAILUA-KONA) 96707,KAILUA-KONA,0,0,4200,5200,3600,5800,5000,"",3,0
481,HONOLULU (KAPOLEI) 96707,KAPOLEI,HI,0,4500,5200,3800,6000,4300,"",3,0
482,HONOLULU (MAUI) 96707,MAUI,0,0,4500,5200,3900,5900,4600,"",3,0
483,FAYETTEVILLE 72753,PRAIRIE GROVE,AR,0,800,950,515,0,0,jordan.nase@copart.com,3,0
484,ANTELOPE 95843,ANTELOPE,CA,0,0,0,1000,1550,0,michael.sprifke@copart.com,3,0
485,FRESNO 93725,FRESNO,CA,0,1600,1600,1000,1350,1400,ana.deleon@copart.com,3,0
486,HAYWARD - DESERT VIEW,HAYWARD,CA,0,0,1600,1000,1420,1400,allie.palmer@copart.com,3,0
487,"CRASHEDTOYS SACRAMENTO, CA 95828",SACRAMENTO,CA,0,1600,1600,1000,1400,1400,anthony.jones@copart.com,3,0
488,HARTFORD 06051,NEW BRITAIN,CT,6051,800,280,0,0,0,jim.costello@copart.com,3,0
489,CO - Denver South,LITTLETON,CO,0,1150,800,775,0,700,eric.schleeter@copart.com,3,0
490,"DENVER CENTRAL, CO 80229",DENVER,CO,0,0,750,775,0,0,eric.schleeter@copart.com,3,0
491,ATLANTA EAST 30052,LOGANVILLE,GA,0,315,0,0,375,0,tiffany.todd@copart.com,3,0
492,ATLANTA NORTH 30507,GAINESVILLE,GA,0,340,0,0,375,0,eric.smart@copart.com,3,0
493,ATLANTA SOUTH 30294,ELLENWOOD,GA,0,315,0,0,375,0,sara.germani@copart.com,3,0
494,CARTERSVILLE 30120,CARTERSVILLE,GA,0,375,850,850,450,800,ryan.olenick@copart.com,3,0
495,HONOLULU ( LIHUE) 96707,LIHUE,0,0,4550,5550,3950,5700,5350,apolonia.duclayan@copart.com,3,0
496,BOISE 83651,NAMPA,ID,0,1800,1400,800,0,800,alyssa.guerrero@copart.com,3,0
497,CHICAGO SOUTH 60411,CHICAGO HEIGHTS,IL,0,850,550,900,0,325,miguel.ayala@copart.com,3,0
498,"CICERO, IN 46034",Cicero,IN,0,0,500,0,0,220,britney.parker@copart.com,3,0
499,FORT WAYNE 46803,FORT WAYNE,IN,0,850,600,0,0,375,allison.terhune@copart.com,3,0
500,BATON ROUGE 70739,GREENWELL SPRINGS,LA,0,500,900,400,610,850,christopher.pourciau@copart.com,3,0
501,BALTIMORE 21048,FINKSBURG,MD,0,0,340,0,0,0,kali.oneal@copart.com,3,0
502,DETROIT 48183,WOODHAVEN,MI,0,0,650,0,0,575,logan.kilbride@copart.com,3,0
503,FLINT 48423,Davison,MI,0,800,550,1000,0,575,jonathan.kingen@copart.com,3,0
504,CRASHEDTOYS MINNEAPOLIS 55434,BLAINE,MN,0,1200,700,1300,0,575,kari.bicha@copart.com,3,0
505,HELENA 59601,HELENA,MT,0,0,1400,1400,0,1200,kaitlyn.monroe@copart.com,3,0
506,CANDIA NH 03034,Candia,NH,3034,900,435,1400,0,900,wendy.szymczycha@copart.com,3,0
507,GLASSBORO WEST 08028,GLASSBORO,NJ,8028,0,250,0,0,0,michelle.marynowicz@copart.com,3,0
508,ALBUQUERQUE 87105,ALBUQUERQU E,NM,0,0,0,600,0,0,vicki.garcia@copart.com,3,0
509,ALBANY 12205,ALBANY,NY,0,0,310,0,0,0,brian.constantino@copart.com,3,0
510,"BUFFALO, NY 14006",ANGOLA,NY,0,0,525,0,0,550,tim.bennett@copart.com,3,0
511,CONCORD NC (28025 ),CONCORD,NC,0,415,500,900,0,850,hilda.rebollar@copart.com,3,0
512,CLEVELAND EAST 44067,NORTHFIELD,OH,0,750,490,1000,0,500,caleb.kellogg@copart.com,3,0
513,COLUMBUS 43207,COLUMBUS,OH,0,750,450,900,0,390,chris.brown@copart.com,3,0
514,"DAYTON, OH 45439",Moraine,OH,0,750,450,0,0,450,benjamin.hardin@copart.com,3,0
515,EUGENE 97402,EUGENE,OR,0,1800,1600,1200,1600,1400,tyler.dschaak@copart.com,3,0
516,ALTOONA 15931,EBENSBURG,PA,0,0,435,1300,0,0,anita.eckenrode@copart.com,3,0
517,HARRISBURG 17028,GRANTVILLE,PA,0,800,310,0,0,0,alex.ciambrone@copart.com,3,0
518,"EXETER, RI 02822",EXETER,RI,2822,0,435,0,0,800,joshua.gaudette@copart.com,3,0
519,COLUMBIA MO 65201,COLUMBIA,MO,0,700,750,750,0,600,terra.russell@copart.com,3,0
520,"ANDREWS, TX 79714",ANDREWS,TX,0,0,0,515,550,0,james.smith5@copart.com,3,0
521,"AUSTIN, TX 78130",NEW BRAUNFELS,TX,0,800,0,0,525,0,stefanie.loera@copart.com,3,0
522,"CORPUS CHRISTI, TX 78405",CORPUS CHRISTI,TX,0,800,1250,330,0,1000,bob.ocanas@copart.com,3,0
523,DALLAS SOUTH 75172,WILMER,TX,0,0,0,315,550,0,george.bailey@copart.com,3,0
524,"EL PASO, TX 79821",Anthony,TX,0,0,0,515,625,0,ignacio.elizondo@copart.com,3,0
525,"FT. WORTH, TX 76052",HASLET,TX,0,0,0,330,550,0,jeremy.hensley@copart.com,3,0
526,HOUSTON 77073,HOUSTON,TX,0,0,0,130,500,0,jesse.perez@copart.com,3,0
527,FREDERICKSBURG (VA) 22408,FREDERICKSB URG,VA,0,0,490,0,0,0,frederick.stephenson@copart.com,3,0
528,"HAMPTON,VA 23666",HAMPTON,VA,0,0,380,0,600,700,ryan.alequin@copart.com,3,0
529,GRAHAM 98338,GRAHAM,WA,0,2000,1650,1500,1800,1250,robert.foehl@copart.com,3,0
530,"APPLETON, WI 54914",APPLETON,WI,0,0,0,1200,0,525,nana.oseibempong@copart.com,3,0
531,DOTHAN 36352,NEWTON,AL,0,415,0,0,560,0,crystal.watson@copart.com,3,0
532,IA - CRASHEDTOYS ELDRIDGE,ELDRIDGE,IA,0,0,650,0,0,650,"",3,0
533,JACKSONVILLE EAST 32209,JACKSONVILLE,FL,0,285,0,0,250,0,"",3,0
534,JACKSONVILLE WEST 32220,JACKSONVILLE,FL,0,285,0,0,250,0,"",3,0
535,MADISON 53718,MADISON,WI,0,0,800,0,0,475,"",3,0
536,MILWAUKEE 53110,CUDAHY,WI,0,0,725,0,0,425,"",3,0
537,MINNEAPOLIS 55421,BLAINE,Minnes ota,0,0,750,0,0,550,"",3,0
538,ORLANDO (FL) 32822,ORLANDO,FL,0,295,0,0,250,0,"",3,0
539,PITTSBURGH EAST (PA) 15611,ADAMSBURG,PA,0,0,450,0,0,500,"",3,0
540,"ABILENE, TX 79601",ABILENE,TX,0,800,0,0,800,0,danielle.stewart@copart.com,3,0
541,PUNTA GORDA (FL) 33982,PUNTA GORDA,FL,0,350,0,0,270,0,"",3,0
542,SACRAMENTO (CA) 95828,SACRAMENTO,CA,0,1600,1600,1150,1350,1400,"",3,0
543,SALT LAKE CITY (UT) 84054,NORTH SALT LAKE,UT,0,1800,1400,1200,1200,800,"",3,0
544,PHOENIX (AZ) 85043,PHOENIX,AZ,0,0,0,850,1000,0,eduardo.quevedo@copart.com,3,0
545,LONG BEACH (CA) 90744,WILMINGTON,CA,0,1500,1600,0,1200,0,robert.zepeda@copart.com,3,0
546,LOS ANGELES 90001,LOS ANGELES,CA,0,0,1200,0,1150,0,jaime.valdivia@copart.com,3,0
547,MARTINEZ 94553,MARTINEZ,CA,0,0,1450,0,1350,0,kelly.steele@copart.com,3,0
548,RANCHO CUCAMONGA (CA) 91739,RANCHO CUCAMONGA,CA,0,0,1350,1300,1150,0,jesus.vaca@copart.com,3,0
549,REDDING (CA) 96007,ANDERSON,CA,0,0,0,0,1500,0,juan.ramirez@copart.com,3,0
550,SAN BERNARDINO (CA) 92324,COLTON,CA,0,0,1450,1000,1350,0,lawrence.chen@copart.com,3,0
551,SAN JOSE (CA) 95046,SAN MARTIN,CA,0,0,1450,1000,1450,0,mary.volz@copart.com,3,0
552,JACKSONVILLE NORTH 32218,JACKSONVILLE,FL,0,285,0,0,250,0,robert.meacham@copart.com,3,0
553,MIAMI CENTRAL 33167,MIAMI,FL,0,325,800,0,120,0,julio.feliz@copart.com,3,0
554,MIAMI SOUTH 33032,HOMESTEAD,FL,0,325,800,0,135,0,michael.santos@copart.com,3,0
555,OCALA 34482,OCALA,FL,0,300,0,0,250,0,ryan.zbikowski@copart.com,3,0
556,ORLANDO NORTH (FL),APOPKA,FL,0,310,900,900,250,0,mohammed.albalawi@copart.com,3,0
557,MACON (GA) 31008,BYRON,GA,0,320,850,0,375,0,brandy.allen@copart.com,3,0
558,PEORIA (IL) 61554,PEKIN,IL,0,0,625,0,0,300,marcus.shipe@copart.com,3,0
559,INDIANAPOLIS 46254,INDIANAPOLIS,IN,0,0,500,0,0,380,patrick.harrison@copart.com,3,0
560,KANSAS CITY 66111,KANSAS CITY,KS,0,0,625,605,0,550,erin.pinzon@copart.com,3,0
561,LEXINGTON EAST 40509,LEXINGTON,KY,0,535,500,0,0,475,james.morgan@copart.com,3,0
562,LEXINGTON WEST 40342,LAWRENCEBU RG,KY,0,535,500,0,0,475,joyce.middleton@copart.com,3,0
563,NEW ORLEANS 70129,NEW ORLEANS,LA,0,475,0,350,500,0,adam.kennedy@copart.com,3,0
564,LYMAN 04002,LYMAN,ME,4002,0,450,0,0,950,sean.kenney@copart.com,3,0
565,NORTH BOSTON 01862,NORTH BILLERICA,MA,1862,0,370,0,0,0,patrick.serra@copart.com,3,0
566,KINCHELOE (MI) 49788,KINCHELOE,MI,0,1200,1000,1400,0,650,jonathan.kingen@copart.com,3,0
567,LANSING 48917,LANSING,MI,0,800,575,1000,0,575,juan.pena1@copart.com,3,0
568,LINCOLN 68366,GREENWOOD,NE,0,1000,700,775,0,665,glenn.shipman@copart.com,3,0
569,LAS VEGAS 89115,LAS VEGAS,NV,0,0,1250,1150,1100,0,luke.johnson@copart.com,3,0
570,RENO (NV) 89506,RENO,NV,0,0,1600,1100,1350,0,jeremy.stratton@copart.com,3,0
571,NEWBURGH/Marlbo ro 12542,MARLBORO,NY,0,0,255,0,0,0,mike.cassata@copart.com,3,0
572,ROCHESTER (NY) 14482,LEROY,NY,0,0,400,0,0,0,scott.mccumiskey@copart.com,3,0
573,"LUMBERTON, NC 28360",LUMBERTON,NC,0,400,450,0,0,0,lindsay.coats@copart.com,3,0
574,"MOCKSVILLE, NC 27028",MOCKSVILLE,NC,0,370,450,0,0,0,seth.arey@copart.com,3,0
575,RALEIGH (NC) 28334,DUNN,NC,0,315,430,0,0,0,anthony.morris3@copart.com,3,0
576,PORTLAND NORTH (OR) 97218,PORTLAND,OR,0,0,1350,1200,0,0,carrie.preisinger@copart.com,3,0
577,PORTLAND SOUTH (OR) 97071,WOODBURN,OR,0,0,1350,1200,0,0,andrew.stolzman@copart.com,3,0
578,PHILADELPHIA (PA) 18073,PENNSBURG,PA,0,0,225,0,0,0,edward.davidheiser@copart.com,3,0
579,PITTSBURGH NORTH (PA) 16117,ELLWOOD CITY,PA,0,0,450,0,0,500,terri.dambra@copart.com,3,0
580,PITTSBURGH SOUTH (PA) 15122,WEST MIFFLIN,PA,0,0,450,0,0,500,william.shay@copart.com,3,0
581,"PITTSBURGH WEST, (PA) 15122",WEST MIFFLIN,PA,0,0,450,0,0,500,william.shay@copart.com,3,0
582,NORTH CHARLESTON (SC) 29448,HARLEYVILLE,SC,0,250,0,0,410,0,lyndsey.mizell@copart.com,3,0
583,MEMPHIS 38118,MEMPHIS,TN,0,535,800,0,550,0,christina.beesley@copart.com,3,0
584,NASHVILLE 37090,LEBANON,TN,0,430,600,700,500,0,colin.brand@copart.com,3,0
585,"LONGVIEW, TX 75603",LONGVIEW,TX,0,0,0,300,550,0,jeffrey.king@copart.com,3,0
586,"MCALLEN, TX 78570",MERCEDES,TX,0,0,0,375,675,0,david.landon@copart.com,3,0
587,SAN ANTONIO (TX) 78224,SAN ANTONIO,TX,0,0,0,300,515,0,gina.campos@copart.com,3,0
588,OGDEN UT,FARR WEST,UT,0,0,1400,0,0,800,luke.johnson@copart.com,3,0
589,RUTLAND (VT) 05736,RUTLAND,VT,5736,0,475,0,0,0,stephen.cornwell@copart.com,3,0
590,RICHMOND (VA) 23150,SANDSTON,VA,0,0,375,0,0,0,gerald.faries@copart.com,3,0
591,"RICHMOND EAST, VA 23030",CHARLES CITY,VA,0,0,375,0,0,0,gerald.faries@copart.com,3,0
592,PASCO (WA) 99301,PASCO,WA,0,0,1600,1400,1600,0,chuck.penney@copart.com,3,0
593,MONTGOMERY 36116,MONTGOMERY,AL,0,370,0,0,550,0,eric.leon@copart.com,3,0
594,SO SACRAMENTO 95828,SACRAMENTO,CA,0,0,1550,0,1450,0,"",3,0
595,SPRINGFIELD (MO) 65742,ROGERSVILLE,MO,0,625,675,630,0,450,"",3,0
596,TRENTON (NJ) 08561,WINDSOR,NJ,8561,0,175,0,0,0,"",3,0
597,WASHINGTON (DC) 20602,WALDORF,MD,0,0,350,0,0,0,"",3,0
598,ANCHORAGE 99501,ANCHORAGE,AK,0,3000,2800,2310,3800,2600,alan.deile@copart.com,3,0
599,LITTLE ROCK 72032,CONWAY,AR,0,650,900,525,0,650,brian.anible@copart.com,3,0
600,SUN VALLEY (CA) 91352,SUN VALLEY,CA,0,0,1450,1100,1450,0,alfonso.argott@copart.com,3,0
601,VALLEJO (CA) 94590,VALLEJO,CA,0,0,1250,1300,1350,0,sione.latuhoi@copart.com,3,0
602,VAN NUYS (CA) 91405,VAN NUYS,CA,0,0,1250,1000,1200,0,luis.ramirez@copart.com,3,0
603,"COLORADO SPRINGS, CO",COLORADO SPRINGS,CO,0,1150,800,770,0,900,samantha.crane@copart.com,3,0
604,SEAFORD (DE) 19973,SEAFORD,DE,0,0,340,0,0,0,samantha.harrell@copart.com,3,0
605,MIAMI NORTH 33054,opa locka,FL,0,325,800,0,120,0,duanle.garcia@copart.com,3,0
606,ORLANDO SOUTH (FL),ORLANDO,FL,0,310,900,900,250,0,daniel.sullivan@copart.com,3,0
607,TALLAHASSEE (FL) 32343,MIDWAY,FL,0,375,0,0,380,0,garrett.wolff@copart.com,3,0
608,TAMPA SOUTH (FL) 33578,RIVERVIEW,FL,0,310,750,0,270,0,james.holtmann@copart.com,3,0
609,WEST PALM BEACH (FL) 33411,WEST PALM BEACH,FL,0,320,0,0,250,0,kevin.arroyave@copart.com,3,0
610,ATLANTA WEST 30168,AUSTELL,GA,0,315,0,0,275,0,renato.parris@copart.com,3,0
611,SAVANNAH (GA) 31405,SAVANNAH,GA,0,125,0,0,375,0,allen.stewart@copart.com,3,0
612,TIFTON (GA) 31794,TIFTON,GA,0,310,0,0,370,0,melanie.johnson1@copart.com,3,0
613,CHICAGO NORTH 60120,ELGIN,IL,0,850,550,900,0,325,matt.fogleson@copart.com,3,0
614,SOUTHERN ILLINOIS (IL) 62207,ALORTON,IL,0,0,650,0,0,300,michael.tovar@copart.com,3,0
615,WHEELING (IL) 60090,WHEELING,IL,0,0,550,0,0,250,keaston.bonnell@copart.com,3,0
617,DES MOINES 50317,DES MOINES,IA,0,0,600,900,0,575,jackie.wallin@copart.com,3,0
618,WICHITA (KS) 67216,WICHITA,KS,0,0,750,500,0,550,ryan.barill@copart.com,3,0
619,WALTON (KY) 41094,WALTON,KY,0,0,490,800,0,390,holly.sawyers@copart.com,3,0
620,SHREVEPORT (LA) 71109,SHREVEPORT,LA,0,550,0,350,0,0,jeff.stuart@copart.com,3,0
621,BALTIMORE EAST 21225,BALTIMORE,MARYL AND,0,0,340,0,0,0,michael.dolak@copart.com,3,0
622,SOUTH BOSTON (MA) 01756,MENDON,MA,1756,0,375,0,0,0,sean.gesner@copart.com,3,0
623,WEST WARREN (MA) 01092,WEST WARREN,MA,1092,0,350,0,0,0,tara.parzychowski@copart.com,3,0
624,"IONIA, MI 48875",PORTLAND,MI,0,800,550,1000,0,575,dawn.stinson@copart.com,3,0
625,ST. CLOUD (MN) 56310,AVON,MN,0,0,680,0,0,390,michelle.polaski@copart.com,3,0
626,JACKSON 39073,FLORENCE,MS,0,500,0,525,580,0,charles.payne@copart.com,3,0
627,SIKESTON (MO) 63801,SIKESTON,MO,0,600,650,700,0,475,debbie.fisher@copart.com,3,0
628,HARTFORD SPRINGFIELD 06026,EAST GRANBY,CT,6026,800,280,0,0,0,shaun.duncan@copart.com,3,0
629,ST. LOUIS (MO) 63044,BRIDGETON,MO,0,0,590,0,0,350,jaelyn.stringer@copart.com,3,0
630,BILLINGS 59103,BILLINGS,MT,0,1700,1400,1400,0,1100,jason.hamrick@copart.com,3,0
631,GLASSBORO EAST 08028,GLASSBORO,NJ,8028,0,250,0,0,0,michelle.marynowicz@copart.com,3,0
632,SOMERVILLE (NJ) 08844,HILLSBOROUG H,NJ,8844,0,195,0,0,0,rafal.brozyna@copart.com,3,0
633,TRENTON JOBSTOWN SUBLOT (NJ) 08041,JOBSTOWN,NJ,8041,450,200,0,0,0,jeri.priolo@copart.com,3,0
634,LONG ISLAND 11719,BROOKHAVEN,NY,0,0,275,0,0,0,austyn.parker@copart.com,3,0
635,CHINA GROVE 28023,CHINA GROVE,NC,0,365,500,900,550,850,rafael.pla@copart.com,3,0
636,MEBANE 27302,MEBANE,NC,0,415,450,0,0,0,hector.hernandez@copart.com,3,0
637,CLEVELAND WEST 44028,COLUMBIA STATION,OH,0,750,490,1000,0,500,helene.sellman@copart.com,3,0
638,OKLAHOMA CITY 73129,OKLAHOMA CITY,OK,0,750,880,450,0,600,austin.hampton@copart.com,3,0
639,TULSA (OK) 74107,TULSA,OK,0,0,0,450,600,0,rachel.fashing@copart.com,3,0
640,CHAMBERSBURG 17201,CHAMBERSBU RG,PA,0,800,410,1200,0,600,adam.goshorn@copart.com,3,0
641,PHILADELPHIA EAST (PA) 18914,CHALFONT,PA,0,0,225,0,0,0,krista.nicholson@copart.com,3,0
642,YORK HAVEN (PA) 17370,YORK HAVEN,PA,0,0,330,0,0,0,jeffrey.micklitsch@copart.com,3,0
643,SPARTANBURG (SC) 29301,SPARTANBUR G,South Carolin a,0,280,575,0,0,0,robert.colton@copart.com,3,0
644,WACO (TX) 76501,TEMPLE,TX,0,0,0,300,675,0,jessica.clark@copart.com,3,0
645,BIRMINGHAM 35023,HUEYTOWN,AL,0,470,750,650,0,850,doug.cooper@copart.com,3,0
646,MOBILE 36613,EIGHT MILE,AL,0,425,0,0,650,0,mark.bond@copart.com,3,0
647,TANNER (AL) 35671,TANNER,AL,0,425,0,0,550,0,zachary.atchley@copart.com,3,0
648,TUCSON AZ) 85706,TUCSON,AZ,0,0,0,800,1150,0,cesar.villegas@copart.com,3,0
649,BAKERSFIELD 93307,BAKERSFIELD,CA,0,1600,0,1000,1600,1400,jose.avila@copart.com,3,0
650,MENTONE (CA) 92359,MENTONE,CA,0,1300,0,0,1150,0,elizabeth.carrillo@copart.com,3,0
651,SAN DIEGO (CA) 92154,SAN DIEGO,CA,0,0,1450,1000,1275,0,christopher.porter@copart.com,3,0
652,SO SACRAMENTO (CA) 95828,SACRAMENTO,CA,0,0,1550,0,1450,0,donald.hillyard@copart.com,3,0
653,SCRANTON (PA) 18642,DURYEA,PA,0,0,340,0,0,0,jamie.miley@copart.com,3,0
654,KNOXVILLE 37354,MADISONVILLE,TN,0,450,575,750,550,0,eddie.tredinnick@copart.com,3,0
655,"AMARILLO, TX 79118",AMARILLO,TX,0,0,0,525,725,0,chris.alford@copart.com,3,0
656,CRASHEDTOYS DALLAS,DALLAS,TX,0,800,1000,315,500,850,matt.richards@copart.com,3,0
657,"LUFKIN, TX 75904",LUFKIN,TX,0,0,0,280,550,0,joshua.gardner@copart.com,3,0
658,SALT LAKE CITY (UT) 84044,7320 WEST,UT,0,0,0,0,0,0,brady.guay@copart.com,3,0
659,DANVILLE 24531,CHATHAM,VA,0,0,490,0,0,0,wendy.farris@copart.com,3,0
660,NORTH SEATTLE 98223,ARLINGTON,WA,0,2000,1600,1400,1550,1200,harold.reynolds@copart.com,3,0
661,SPOKANE (WA) 99001,AIRWAY HEIGHTS,WA,0,0,1600,1400,1750,1200,devin.malpasuto@copart.com,3,0
662,CHARLESTON/Hurri cane 25526,HURRICANE,WV,0,700,560,900,0,600,brandi.evans@copart.com,3,0
663,LOUISVILLE 40272,LOUISVILLE,KY,0,500,500,0,0,475,colleen.huff@copart.com,3,0
664,Tampa North (FL) 34667,Tampa North,FL,34667,325,0,0,260,0,mgr-Tampa_North@iaai.com,3,0
665,Akron,Barberton,OH,44203,0,450,0,0,0,"",3,0
616,DAVENPORT,ELDRIDGE,IA,0,0,650,0,0,650,amanda.raschke@copart.com,3,0
666,SYRACUSE (NY) 13036 (CENTRAL SQUARE),CENTRAL SQUARE,NY,0,0,375,0,0,0,nathan.caralla@copart.com,3,0
667,BARBERTON (OH) 44203,BARBERTON,OH,44203,0,450,0,0,0,edward.davidheiser@copart.com,3,0
668,FORT PIERCE 34946,FORT PIERCE,FL,0,415,0,0,250,0,renita.fulger@copart.com,3,0
669,MINNEAPOLIS NORTH 55304,HAM LAKE,MN,0,0,770,0,0,550,kayla.teeselink@copart.com,3,0
670,HAM LAKE (MN),MINNEAPOLIS NORTH,MN,55434,0,770,0,0,0,"",3,0
671,LINCOLN (NE),LINCOLN,NE,68366,1000,700,0,0,0,"",3,0
672,EARLINGTON 42410,EARLINGTON,KY,42410,575,550,0,0,0,"",3,0
673,EARLINGTON KY,EARLINGTON,KY,42410,575,550,0,0,0,"",3,0
674,GASTON (SC),COLUMBIA,SC,29053,305,550,0,0,0,"",3,0
675,TAMPA SOUTH (FL),TAMPA SOUTH,FL,33440,310,750,0,270,0,"",3,0
676,RIVERVIEW FL,TAMPA SOUTH,FL,33440,310,750,0,270,0,"",3,0
677,CHALFONT PA,PHILADELPHIA EAST,PA,18914,0,225,0,0,0,"",3,0
678,ALBUQUERQUE NM,ALBUQUERQUE,NM,87105,950,0,0,1000,0,"",3,0
679,DALLAS TX,DALLAS,TX,75247,800,1000,0,500,0,"",3,0
680,BRIDGETON MO,ST. LOUIS,MO,63044,0,590,0,0,0,"",3,0
681,Philadelphia East sublot PA,Philadelphia East,PA,18914,0,225,0,0,0,"",3,0
682,Abilene 79601,Hawley,TX,79525,0,0,370,800,0,"",4,0
683,ACE - Carson (CA) 90248,Carson,CA,90248,0,1350,0,1200,0,"",4,0
684,ACE - Perris (CA) 92571,Perris,CA,92571,0,1400,0,1250,0,"",4,0
685,Akron-Canton 44663,New Philadelphia,OH,44663,650,490,1000,0,450,"",4,0
686,Albany 12303,Schenectady,NY,12303,0,340,0,0,0,"",4,0
687,Albuquerque 87105,Albuquerque,NM,87105,0,0,600,0,0,"",4,0
688,Altoona 16637,East Freedom,PA,16637,800,435,1300,0,600,"",4,0
689,Amarillo (TX) 79118,Amarillo,TX,79118,0,0,525,720,0,"",4,0
690,Anaheim 92806,Anaheim,CA,92806,1350,1250,0,1250,0,"",4,0
691,Anchorage (AK),Wasilla,AK,99654,3500,3500,3500,3500,3500,"",4,0
692,Appleton 54914,Appleton,WI,54914,0,750,0,0,475,"",4,0
693,Asheville (NC) 28732,Fletcher,NC,28732,380,525,0,0,0,"",4,0
694,Ashland 41102,Ashland,KY,41102,550,550,0,0,0,"",4,0
695,Atlanta 30052,Loganville,GA,30052,285,0,0,375,0,"",4,0
696,Atlanta East 30680,Winder,GA,30680,300,0,0,375,0,"",4,0
697,Atlanta North 30101,Acworth,GA,30101,300,0,0,375,0,"",4,0
698,Atlanta South 30260,Lake City,GA,30260,280,0,0,375,0,"",4,0
699,Austin 78616,Dale,TX,78616,0,0,270,550,0,"",4,0
700,Avenel New Jersey 07001,Avenel,NJ,7001,0,195,0,0,0,"",4,0
701,Baltimore 21226,Baltimore,MD,21226,0,325,0,0,0,"",4,0
702,Baton Rouge 70754,Livingston,LA,70754,450,0,370,0,0,"",4,0
703,Billings (MT) 59101,Billings,MT,59101,1700,1400,1400,1600,1200,"",4,0
704,Birmingham 35022,Bessemer,AL,35022,400,0,550,0,0,"",4,0
705,Boise 83605,Meridian,ID,83642,1800,1400,1050,0,950,"",4,0
706,Boston - Shirley (MA) 01464,Shirley,MA,1464,0,380,0,0,0,"",4,0
707,Bowling Green (KY) 42101,Bowling Green,KY,42101,0,600,0,0,400,"",4,0
708,Bridgeport PA 19405,Bridgeport,PA,19405,0,275,0,0,0,"",4,0
709,Buckhannon 26201,Buckhannon,WV,26201,0,550,0,0,600,"",4,0
710,Buffalo 14207,buffalo,NY,14207,0,500,0,0,0,"",4,0
711,Burlington 05451,Essex,VT,5451,0,515,0,0,0,"",4,0
712,Casper,Casper,WY,82601,0,1400,0,0,950,"",4,0
713,Central New Jersey 07751,Morganville,NJ,7751,0,185,0,0,0,"",4,0
714,Charleston 29470,Ravenel,SC,29470,275,0,0,420,0,"",4,0
715,Charlotte 28206,Charlotte,NC,28206,350,550,0,415,0,"",4,0
716,Chattanooga 37404,Chattanooga,TN,37404,450,0,0,575,0,"",4,0
717,Chicago-North 60118,East Dundee,IL,60118,0,550,0,0,175,"",4,0
718,Chicago-South 60428,Markham,IL,60428,0,600,0,0,175,"",4,0
719,Chicago-West 60505,Aurora,IL,60505,0,550,0,0,200,"",4,0
720,Cincinnati 45069,West Chester,OH,45069,0,550,0,0,390,"",4,0
721,Cincinnati-South 45102,Amelia,OH,45102,0,550,0,0,390,"",4,0
722,Clearwater 33760,Clearwater,FL,33760,350,0,0,275,0,"",4,0
723,Cleveland 44053,Lorain,OH,44053,0,510,0,0,0,"",4,0
724,Colton (CA) 92324,Colton,CA,92324,0,1350,0,1350,1400,"",4,0
725,"Columbia, SC 29209",Columbia,SC,29209,255,500,0,450,0,"",4,0
726,Columbus OH 43123,Grove City,OH,43123,0,450,0,0,0,"",4,0
727,Concord 28025,Concord,NC,28025,350,475,0,0,0,"",4,0
728,Corpus Christi 78405,Corpus Christi,TX,78405,0,0,300,650,0,"",4,0
729,"Culpeper, VA 22701",Culpeper,VA,22701,0,380,0,0,0,"",4,0
730,Dallas 75172,Wilmer,TX,75172,0,0,275,525,0,"",4,0
731,Dallas/Ft. Worth 75050,Grand Prairie,TX,75050,0,0,280,550,0,"",4,0
732,Davenport 52802,Davenport,IA,52802,0,625,0,0,350,"",4,0
733,Dayton 45427,Dayton,OH,45417,0,500,0,0,375,"",4,0
734,Denver 80221,Denver,CO,80221,0,780,680,0,0,"",4,0
735,Denver East (CO) 80022,Commerce City,CO,80022,0,780,700,0,0,"",4,0
736,Des Moines 50069,De Soto,IA,50069,0,600,0,0,475,"",4,0
737,Detroit 48111,Belleville,MI,48111,0,550,0,0,450,"",4,0
738,Dothan 36345,Headland,AL,36345,390,0,0,0,0,"",4,0
739,Dundalk (MD) 21222,Dundalk,MD,21222,0,355,0,0,0,"",4,0
740,East Bay 94565,Bay Point,CA,94565,1600,1600,0,1455,0,"",4,0
742,Elkton (MD) 21921,Elkton,MD,21921,0,275,0,0,0,"",4,0
743,Englishtown (NJ) 07726,Englishtown,NJ,7726,0,200,0,0,0,"",4,0
744,Erie 16416,Garland,PA,16416,0,500,0,0,500,"",4,0
745,Eugene 97402,Eugene,OR,97402,0,1600,0,0,1400,"",4,0
746,Fargo 58102,Fargo,ND,58102,0,1175,0,0,1035,"",4,0
747,Fayetteville 72744,Lincoln,AR,72744,0,0,490,0,0,"",4,0
748,Flint MI 48507,Flint,MI,48507,0,525,0,0,425,"",4,0
749,Fontana 92335,Fontana,CA,92335,1600,1355,0,1280,0,"",4,0
750,Fort Myers (FL) 33903,Fort Myers,FL,33913,350,0,0,285,0,"",4,0
751,"Fort Pierce, FL 34945",Fort Pierce,FL,34945,415,900,900,0,1300,"",4,0
752,Fort Worth North (TX) 76247,JUSTIN,TX,76247,0,0,330,550,0,"",4,0
753,Fredericksgburg South 22408,Fredericksburg,VA,22408,650,490,1000,0,700,"",4,0
754,Fremont 94538,Fremont,CA,94538,1600,1600,1000,1450,1400,"",4,0
755,Fresno 93705,Fresno,CA,93705,1600,1600,1000,1450,1400,"",4,0
756,Grand Rapids 49315,Byron Center,MI,49315,0,550,0,0,480,"",4,0
757,Greensboro 27253,Graham,NC,27253,350,450,0,0,0,"",4,0
758,Greenville 29681,Simpsonville,SC,29681,290,525,0,0,0,"",4,0
759,Grenada (MS) 38901,Grenada,MS,38901,450,600,500,0,0,"",4,0
760,Gulf Coast (MS) 39562,Moss Point,MS,39562,450,0,525,500,0,"",4,0
761,Hartford 06088,East Windsor,CT,6088,0,290,0,0,0,"",4,0
762,Hartford-South 06457,Middletown,CT,6457,0,315,0,0,0,"",4,0
763,High Desert 92345,Hesperia,CA,92345,0,1350,0,1350,0,"",4,0
764,Honolulu (Kailua- Kona Hawaii island) 96707,Kailua-Kona Hawaii island,HI,0,5500,5500,5500,5500,5500,"",4,0
765,Honolulu (Kapolei Oahu island) 96707,Kapolei Oahu island,HI,96707,5500,5500,5500,5500,5500,"",4,0
766,Honolulu (Lihue Kauai island) 96707,Lihue Kauai island,HI,0,5500,5550,3950,5500,5500,"",4,0
767,Honolulu (Maui Maui Island) 96707,Maui Maui Island,HI,0,5500,5500,5500,5500,5500,"",4,0
768,Houston 77038,Houston,TX,77038,0,0,150,480,0,"",4,0
769,Houston South 77583,Rosharon,TX,77583,0,0,150,500,0,"",4,0
770,Houston-North 77032,Houston,TX,77032,0,0,150,500,0,"",4,0
771,Huntsville 35613,Athens,AL,35613,400,0,0,500,0,"",4,0
772,Indianapolis 46217,Indianapolis,IN,46217,0,550,0,0,250,"",4,0
773,Jackson 39272,Byram,MS,39272,450,0,450,500,0,"",4,0
774,Jacksonville 32218,Jacksonville,FL,32218,285,0,0,260,0,"",4,0
775,Kansas City 66111,Kansas City,KS,66111,0,570,600,0,400,"",4,0
776,Knoxville 37914,Knoxville,TN,37914,400,0,0,500,0,"",4,0
777,Lafayette (LA) 70507,Lafayette,LA,70507,450,0,325,500,0,"",4,0
778,Las Vegas 89011,Henderson,NV,89011,0,0,900,1000,0,"",4,0
779,Laurel 20707,Laurel,MD,20707,0,335,0,0,0,"",4,0
780,Lexington (SC) 29073,Lexington,SC,29073,345,550,0,0,0,"",4,0
781,Lincoln 62656,Lincoln,IL,62656,0,590,0,0,275,"",4,0
782,Little Rock 72142,Scott,AR,72142,500,0,450,0,0,"",4,0
783,LIVINGSTON (LA) 70754,LIVINGSTON,LA,70754,450,0,350,0,0,"",4,0
784,Long Island 11763,Medford,NY,11763,0,225,0,0,700,"",4,0
785,Longview 75605,Longview,TX,75605,0,0,310,500,0,"",4,0
786,Los Angeles 90248,Gardena,CA,90248,1200,1200,0,1150,0,"",4,0
787,Los Angeles South (CA) 90744,Wilmington,CA,90744,1250,1450,0,1350,0,"",4,0
788,Louisville (KY) 40165,Shepherdsville,KY,40165,500,550,0,0,400,"",4,0
789,Louisville North (KY),Eminence,KY,40019,500,550,0,0,400,"",4,0
790,"Lubbock, TX 79415",Lubbock,TX,79415,0,0,450,680,0,"",4,0
791,Macon (GA) 31217,Macon,GA,31217,315,0,0,380,0,"",4,0
792,Manchester 03079,Salem,NH,3079,0,370,0,0,0,"",4,0
793,McAllen (TX) - 78537,Donna,TX,78537,0,0,355,600,0,"",4,0
794,Memphis 38118,Memphis,TN,38118,490,0,0,560,0,"",4,0
795,Metro DC 20613,Brandywine,MD,20613,0,315,0,0,0,"",4,0
796,Miami 33054,Opa Locka,FL,33054,350,0,0,125,0,"",4,0
797,Miami-North 33332,fort lauderdale,FL,33332,350,0,0,125,0,"",4,0
798,Milwaukee 53089,Sussex,WI,53089,0,650,0,0,275,"",4,0
799,Minneapolis/St. Paul 55117,Maplewood,MN,55117,0,650,0,0,350,"",4,0
800,Missoula 59802,Missoula,MT,59808,0,1400,1400,1800,1350,"",4,0
801,Nashville 37218,Nashville,TN,37218,435,0,0,575,0,"",4,0
802,New Castle 19720,New Castle,DE,19720,0,325,0,0,0,"",4,0
803,New Orleans 70433,Covington,LA,70433,460,0,370,0,0,"",4,0
804,New Orleans East 70126,New Orleans,LA,70126,460,0,370,0,0,"",4,0
805,Newburgh 12575,Rock Tavern,NY,12575,0,270,0,0,0,"",4,0
806,North Hollywood 91605,North Hollywood,CA,91605,1180,1300,0,1190,0,"",4,0
807,Northern New Jersey 07008,Carteret,NJ,7008,0,200,0,0,0,"",4,0
808,Northern Virginia 22406,Fredericksburg,VA,22406,0,400,0,0,0,"",4,0
809,Oklahoma City 73121,Oklahoma City,OK,73121,800,800,400,600,0,"",4,0
810,Omaha 68059,Springfield,NE,68059,0,650,0,0,0,"",4,0
811,Orlando 32824,Orlando,FL,32824,325,0,0,225,0,"",4,0
812,Orlando-North 32773,Sanford,FL,32773,325,0,0,225,0,"",4,0
813,Paducah 42002,Paducah,KY,42002,325,0,0,225,0,"",4,0
814,Pensacola 32583,Milton,FL,32583,410,0,0,370,0,"",4,0
815,Permian Basin 79764,Odessa,TX,79764,0,0,410,900,0,"",4,0
816,Philadelphia 19428,Conshohocken,PA,19428,0,240,0,0,0,"",4,0
817,Philadelphia East 19136,Philadelphia,PA,19136,0,275,0,0,0,"",4,0
818,Phoenix 85041,Phoenix,AZ,85041,0,0,715,1250,0,"",4,0
819,Pittsburgh 15001,Aliquippa,PA,15001,0,450,0,0,0,"",4,0
820,Pittsburgh-North 15044,Gibsonia,PA,15044,0,450,0,0,0,"",4,0
821,Portage (WI) 53901,Portage,WI,53901,0,715,0,0,400,"",4,0
822,Portland - Gorham (ME),Gorham,ME,4038,0,450,0,0,0,"",4,0
823,Portland 97230,Portland,OR,97230,0,1400,1250,0,995,"",4,0
824,Portland West 97217,Portland,OR,97217,0,1440,1250,0,1050,"",4,0
825,Providence (RI) 02915,Riverside,RI,2915,0,395,0,0,0,"",4,0
826,Pulaski 24301,Pulaski,VA,24301,0,460,0,0,0,"",4,0
827,Puyallup 98374,Puyallup,WA,98374,0,1380,0,0,1250,"",4,0
828,Raleigh 27520,Clayton,NC,27520,295,460,0,0,0,"",4,0
829,Reno 89434,Mccarran,NV,89434,0,1480,1400,1700,0,"",4,0
830,Richmond 23005,Ashland,VA,23005,0,360,0,0,0,"",4,0
831,Riverside (CA) 92509,RIVERSIDE,CA,92509,1190,1275,0,1175,0,"",4,0
832,Roanoke (VA) 24122,Montvale,VA,24122,0,465,0,0,0,"",4,0
833,Rochester 14416,Bergen,NY,14416,0,400,0,0,0,"",4,0
834,Rosedale 21237,Rosedale,MD,21237,0,315,0,0,0,"",4,0
835,Sacramento 95742,Rancho Cordova,CA,95742,1650,1600,0,1450,0,"",4,0
836,Salt Lake City 84401,Ogden,UT,84401,0,1400,0,0,900,"",4,0
839,San Diego 92154,San Diego,CA,92154,1400,1450,0,1250,0,"",4,0
840,Savannah 31326,Rincon,GA,31326,105,0,0,315,0,"",4,0
841,Scranton 18640,Pittston,PA,18640,0,300,0,0,0,"",4,0
842,Seattle 98108,Puyallup,WA,98374,0,1400,0,1350,1150,"",4,0
843,Shady Spring 25918,Shady Spring,WV,25918,0,530,0,0,550,"",4,0
844,Shreveport (LA),Greenwood,LA,71033,480,0,335,0,0,"",4,0
845,South Bend 46619,South Bend,IN,46619,0,560,0,0,300,"",4,0
846,Southern New Jersey 08012,Turnersville,NJ,8012,0,250,0,0,0,"",4,0
847,Specialty Division IL,Wheeling,IL,60090,0,550,0,0,250,"",4,0
848,Spokane 99224,Spokane Valley,WA,99216,0,1600,0,0,1350,"",4,0
849,Springfield 65803,Springfield,MO,65803,625,675,630,0,450,"",4,0
850,St. Louis 62232,CASEYVILLE,Illinois,62232,0,550,0,0,300,"",4,0
851,Suffolk (VA) 23434,Suffolk,VA,23434,0,375,0,0,0,"",4,0
852,Syracuse 13039,Cicero,NY,13039,0,350,0,0,0,"",4,0
853,Tampa 34221,Palmetto,FL,34221,325,0,0,260,0,"",4,0
854,Tampa North 34667,Hudson,FL,34667,325,0,0,260,0,"",4,0
855,Taunton 02718,East Taunton,MA,2718,0,380,0,0,0,"",4,0
856,"Templeton, MA 01468",Templeton,MA,1468,0,350,0,0,0,"",4,0
857,Tidewater VA 23693,Yorktown,VA,23693,0,350,0,0,0,"",4,0
858,Tifton 31794,Tifton,GA,31794,280,0,0,370,0,"",4,0
859,Tucson 85714,Tucson,AZ,85714,950,1100,750,0,0,"",4,0
860,Tusla OK 74107,Tulsa,OK,74107,730,830,450,0,0,"",4,0
861,Western Colorado 81416,Delta,CO,81416,0,1550,1400,0,875,"",4,0
862,West Palm Beach (FL)33411,Jupiter,FL,33411,300,0,0,270,0,"",4,0
863,Wichita (KS) 67219,Wichita,KS,67219,0,900,550,0,600,"",4,0
864,Wilmington 28429,Castle Hayne,NC,28429,360,465,0,0,0,"",4,0
865,"York Springs, PA 17372",York Springs,PA,17372,0,290,0,0,0,"",4,0
866,Indianapolis South IN,Indianapolis South,IN,47229,0,550,0,0,0,mgr-IndianapolisSouth@iaai.com,4,0
867,"Sioux Falls Offsite, 57039",Lennox,SD,57039,890,890,0,0,0,"",4,0
868,Sioux Falls 57039,Lennox,SD,57039,890,890,0,0,0,"",4,0
869,LENNOX SD (57039),LENNOX,SD,57039,850,850,0,0,0,"",4,0
870,High Point NC,High Point,NC,27263,350,0,0,0,0,"",4,0
871,Manheim Souther California,Fontana,CA,92337,1150,1250,0,950,1110,"",5,0
872,MANHEIM NEW ENGLAND,North Dighton,MA,2780,0,275,0,0,0,david.carlucci@coxautoinc.com,5,0
873,Manheim Nevada,Las Vegas,NV,89165,1150,1500,0,1000,0,brian.walker@coxautoinc.com,5,0
874,Savannah Terminal,Savannah,GA,31415,300,0,0,0,0,logisticstauto@gmail.com,5,0
875,Manheim Pennsylvania,Manheim,PA,17545,0,325,0,0,0,joey.hughes@coxautoinc.com,5,0
876,Phoenix,Tolleson,AZ,85353,1200,0,0,1050,0,emily.decker@coxautoinc.com,5,0
877,ADESA Oregon,Eugene,OR,97402,1350,1200,0,0,0,ContactNorthwest@adesa.com,5,0
878,WEST PALM BEACH,Jupiter,FL,33478,350,0,0,270,0,logisticstauto@gmail.com,5,0
879,Sewell Lexus of Fort Worth,Fort Worth,TX,76132,600,0,0,0,0,"",5,0
880,Miami terminal,Miami,FL,33004,0,0,0,1,0,"",5,0
881,Manheim Fredericksburg,Fredericksburg,VA,22406,400,325,0,0,0,ssvcars@gmail.com,5,0
885,New York,NJ,NJ,1111,0,1,0,0,0,kristinaklp@gmail.com,5,0
464,Orlando North FL,Orlando-North,FL,32773,325,0,0,225,0,"",2,0
63,DAVENPORT,ELDRIDGE,IA,52748,0,650,0,0,0,amanda.raschke@copart.com,1,0
143,Long Island (NY),BROOKHAVEN,NY,11719,0,275,0,0,0,austyn.parker@copart.com,1,0
215,Long Island (NY),BROOKHAVEN,NY,11719,0,275,0,0,0,austyn.parker@copart.com,1,0
886,Windham,Windham,ME,04062,0,385,0,0,0,austyn.parker@copart.com,3,0
887,COPART HEIGHTS SUBLOT,Chicago Heights,IL,60411,0,600,0,0,0,Miguel Ayala,1,0
888,Rice Court Yard,Medford,New York,11763,0,300,0,0,0,Mgr-LongIsland@iaai.com,2,0
889,Staten Island SUBLOT,Staten Island,NY,10314,0,285,0,0,0,Mgr-LongIsland@iaai.com,2,0
837,San Antonio 78211,San Antonio,TX,78211,750,0,320,550,0,"",4,0
838,San Antonio-South 78224,San Antonio,TX,78224,750,0,320,550,0,"",4,0
883,Dallasft Worth TX,Dallasft Worth,TX,75050,550,0,280,550,0,"",1,0
423,St. Louis (IL),CASEYVILLE,Illinois,62232,0,575,0,0,300,"",2,0
890,Orlando South,Orlando,Florida,11111,310,0,0,0,0,ssvcars@gmail.com,5,0
891,Mercedes-Benz of South Orlando,ORLANDO,FL,32839,310,0,0,0,0,INFO@mercedesbenzsouthorlando.com/,5,0
893,"TAUNTON OFFSITE, MA 01569",518 HAZEL ST UXBRIDGE,MA,01569,0,455,0,0,0,mgr-taunton@iaai.com,2,0
901,"Las Vegas West, 6600 AUCTION LANE",Las Vegas,Nevada,89165,1325,1345,0,1225,0,michelle.mcclellan@copart.com,1,350
896,REC RIDES Online Exclusive TX,San Antonio,San Antonio-South (TX ) branch 11275 S ZARZAMORA ST,78224,750,320,0,550,0,Mgr-SanAntonioSouth@iaai.com,4,0
894,Peconic AVE 21 LONG ISLAND,MEDFORD,NY,11763,0,270,0,0,0,Mgr-LongIsland@iaai.com,2,0
897,COPART NEWBURGH,NEWBURGH,18 ROUTE 17K NEWBURGH NY 12550,12550,0,310,0,0,0,mike.cassata@copart.com,1,0
898,NEWBURGH SUBLOT / 18 ROUTE 17K NEWBURGH NY 12550,NEWBURGH,NY,12550,0,310,0,0,0,mike.cassata@copart.com,1,0
899,1908 bowsprit drive Fort Collins Colorado 80524,Fort Collins,Colorado,80524,950,0,0,0,0,kristinaklp@gmail.com,5,0
45,DENVER,BRIGHTON,CO,80603,0,775,0,0,0,"",1,0
900,Copart Fort Worth,West Haslet,Texas,76052,700,0,0,0,0,jeremy.hensley@copart.com,1,0
326,Fayetteville 72744,Lincoln,AR,72744,800,0,0,650,0,"",2,0
902,"Seattle, WA 98119",Seattle,WA,98119,2000,1600,0,1550,0,kristinaklp@gmail.com,1,0
929,Manheim Ohio,Columbus,Ohio,43207,0,450,0,0,0,43207,5,0
903,Minneapolis/St. Paul (MN),Saint Paul,MN,55117,750,675,0,0,0,Mgr-Minn-StPaul@iaai.com,2,0
366,Minneapolisst Paul MN,Maplewood,MN,55117,750,675,0,0,350,"",2,0
904,YD335 - Thonotosassa,THONOTOSASSA,12511 U.S. 301 THONOTOSASSA FL 33592,33592,395,775,0,295,0,james.holtmann@copart.com,1,0
905,Port Murray,Port Murray,NJ,07865,450,225,0,700,0,mgr-Port_Murray@iaai.com,1,0
906,Manheim Daytona Beach,Daytona Beach,FL,32124,250,0,0,300,0,dealerservices.dade@coxautoinc.com,5,0
907,Manheim California,Anaheim,CA,92807,1250,0,0,1050,0,chad.ruffin@coxautoinc.com,5,0
908,Manheim El Paso,El Paso,TX,79932,650,0,0,550,0,jd.guerrero@coxautoinc.com,5,0
910,Manheim Nashville,Mount Juliet,TN,37122,400,0,0,550,0,Steve.Robinson@coxautoinc.com,5,0
909,Manheim Denver,Aurora,CO,80011,800,450,0,800,0,ray.priest@coxautoinc.com,5,0
911,511 - Montgomery,Montgomery,"325 IL-31 S MONTGOMERY, IL, 60538",60538,0,575,0,0,0,Mgr-Chicago-West@iaai.com,2,0
912,"3424 11th Ave W, Seattle, WA 98119",Sattle,WA,98119,0,1600,0,0,0,kristinaklp@gmail.com,5,0
913,Manheim Orlando,Ocoee,FL,34761,325,0,0,250,0,jennifer.woodson@coxautoinc.com,5,0
918,"San Antonio, TX",San Antonio,TX,11111,600,0,0,515,0,kristinaklp@gmail.com,5,0
916,Manheim San Francisco,Hayward,CA,94544,1300,0,0,1200,0,greg.beck@coxautoinc.com,5,0
917,Manheim Harrisonburg,Harrisonburg,VA,22802,400,0,0,0,0,kristinaklp@gmail.com,5,0
919,Manheim Baltimore,Elkridge,MD,21075,0,350,0,0,0,chad.spearman@coxautoinc.com,5,0
920,Manheim Palm Beach,West Palm Beach,FL,33411,325,0,0,275,0,robert.zakaib@coxautoinc.com,5,0
921,Dallas/Ft Worth (TX),Grand Prairie,"TX4226 E. Main St. Grand Prairie, TX 75050",75050,850,0,0,675,0,Mgr-IgniteDFW@iaai.com,2,0
923,Manheim Darlington,DARLINGTON,SC,12345,295,550,0,500,0,kristinaklp@gmail.com,5,0
924,Manheim Tampa,Tampa,Florida,12335,325,0,0,260,0,kristinaklp@gmail.com,5,0
925,Manheim Jacksonville,Jacksonville,FL,32219,110,0,0,325,0,"",5,0
928,Manheim Ohio,ohio,ohio,12345,0,450,0,0,0,kristinaklp@gmail.com,5,0
930,CAT Orlando Boggy Creek Rd,Orlando,"9801 BOGGY CREEK RD ORLANDO, FL, 32824",32824,350,0,0,250,0,Mgr-Orlando@iaai.com,2,0
915,Manheim Riverside,Riverside,CA,92504,1200,0,0,940,0,chris.brown3@coxautoinc.com,5,0
931,Manheim St. Pete,ST. PETE,us,12345,320,0,0,0,0,kristinaklp@gmail.com,5,0
922,Manheim North Carolina,Kenly,NC,27542,300,0,0,0,0,stephen.twelkemeier@coxautoinc.com,5,0
932,Manheim Chicago,Chicago,IL,12345,0,600,0,0,0,kristinaklp@gmail.com,5,0
933,Manheim Philadelphia,Philadelphia,US,12345,0,200,0,0,0,kristinaklp@gmail.com,5,0
934,100 JOHNSON STREET STATEN ISLAND NY 10309,Staten Island,NY,10309,0,300,0,0,0,STATEN ISLAND SUBLOT,1,0
935,Staten Island SUBLOT,Staten Island,100 JOHNSON STREET STATEN ISLAND NY 10309,10309,0,300,0,0,0,logisticstauto@gmail.com,1,0
936,Tulsa (OK),Tulsa,"5311 W. 46th St. Tulsa, OK 74107",74107,730,0,0,0,0,Mgr-Tulsa@iaai.com,4,0
937,Manheim New Jersey,NJ,NJ,12345,0,200,0,0,0,kristinaklp@gmail.com,5,0
938,Manheim Texas Hobby,Hobby,Texas,12345,550,0,0,0,0,kristinaklp@gmail.com,5,0
939,Manheim Pensacola,Pensacola,Pensacola,12345,350,0,0,0,0,kristinaklp@gmail.com,5,0
940,Manheim Willmington,Willmington,North Carolina,12345,360,0,0,0,0,kristinaklp@gmail.com,5,0
941,Vermillion,VERMILION,"North Ford Lot 8149 W. ERIE VERMILION, OH, 44089",44089,0,535,0,0,0,mgr-clevelandwest@iaai.com,2,0
942,Manheim Fort Lauderdale,Fort Lauderdale,Florida,12345,275,0,0,0,0,kristinaklp@gmail.com,5,0
943,"TRENTON, NJ Sublot Coplay",Coplay,3216 SAND SPRING ROAD COPLAY PA 18037,18037,0,285,0,0,0,jeri.priolo@copart.com,1,0
884,Dallas ft Worth TX,Dallas ft. worth,TX,75050,550,0,280,550,0,"",1,0
205,Fort Worth,HASLET,TX,76052,700,0,0,550,0,jeremy.hensley@copart.com,1,0
130,LAS VEGAS NV,LAS VEGAS,NV,89115,1300,1350,0,1250,0,luke.johnson@copart.com,1,335
944,Manheim Central Florida,Florida,Florida,12345,300,0,0,0,0,kristinaklp@gmail.com,5,0
945,Sample St Offsite,South Bend,IN,46619,0,585,0,0,0,kristinaklp@gmail.com,2,0
914,MANHEIM DALLAS,Dallas,TX,75236,550,0,0,450,0,rich.curtis@coxautoinc.com,5,0
946,COPART - HAM LAKE SUB LOT,Ham Lake,329 BUNKER LAKE BLVD HAM LAKE MN 55304,55304,0,795,0,0,0,kayla.teeselink@copart.com,1,0
947,Manheim Statesville,fl,fl,12345,250,0,0,0,0,kristinaklp@gmail.com,5,0
948,Manheim Minneapolis,us,us,12345,0,550,0,0,0,kristinaklp@gmail.com,5,0
949,"SC-COLUMBIA SUBLOT, 120 PINE PLAIN  GASTON SC 29053",GASTON,SC,29053,355,0,0,0,0,kristinaklp@gmail.com,1,0
882,MANHEIM ATLANTA,College park,GA,30349,300,0,0,375,0,doug.kramer@coxautoinc.com,5,0
951,Manheim Omaha,Omaha,NE,68138,750,850,0,0,0,lincoln.hansen@coxautoinc.com,5,0
895,San Antonio-South (TX ) branch,"11275 S ZARZAMORA ST SAN ANTONIO, TX, 78224",Texas,78224,750,0,320,550,0,Mgr-SanAntonioSouth@iaai.com,4,0
952,Manheim Milwaukee,ml,ml,12345,550,0,0,0,0,kristinaklp@gmail.com,5,0
953,Manheim Cleveland,cleveland,cleveland,1245,550,0,0,0,0,kristinaklp@gmail.com,5,0
954,Houston East,Houston,TX,12345,600,0,0,0,0,james.kawa@copart.com,3,0
955,North Charleston,Harleyville,SC,29448,325,550,0,0,0,gmyard197@copart.com,1,0
956,Manheim Charlotte,Concord,NC,28027,300,450,0,0,0,amanda.savage@coxautoinc.com,5,0
950,Manheim Baltimore-Washington,Baltimore,WA,12345,0,300,0,0,0,kristinaklp@gmail.com,5,0
957,White Plains Sublot,White Plains,4570 FOXTAIL PLACE White Plains MD 20695,20695,0,375,0,0,0,kristinaklp@gmail.com,3,0
958,Wayland MI,Wayland,MI,49348,0,5500,0,0,0,"",1,0
959,Wayland MI,WAYLAND,MI,49348,0,550,0,0,0,"",3,0
960,Manheim Metro NY,ny,NY,12345,0,275,0,0,0,kristinaklp@gmail.com,5,0
961,Manheim Oceanside,Oceanside,CA,33327,250,0,0,0,0,kristinaklp@gmail.com,5,0
1,DOTHAN 36352,NEWTON,AL,36352,415,0,0,560,0,crystal.watson@copart.com,1,0
241,CA - Adelanto,Adelanto,CA,92301,1440,0,0,1270,0,paola.ruedaflores@copart.com,1,275
101,MARTINEZ 94553,MARTINEZ,CA,94553,1550,1650,0,1450,0,kelly.steele@copart.com,1,395
88,PHOENIX (AZ) 85043,PHOENIX,AZ,85043,1100,0,0,1000,0,eduardo.quevedo@copart.com,1,330
223,SAN BERNARDINO (CA) 92324 (COLTON CA),COLTON,CA,92324,1550,1550,0,1450,0,lawrence.chen@copart.com,1,210
166,SO SACRAMENTO (CA) 95828,SACRAMENTO,CA,95828,1600,1650,0,1550,0,donald.hillyard@copart.com,1,390
126,VAN NUYS (CA) 91405,VAN NUYS,CA,91405,1350,1350,0,1300,0,luis.ramirez@copart.com,1,235
389,Portland West 97217,Portland,OR,97217,0,1440,1250,0,1050,"",2,650
962,Sacramento West CA,Sacramento,CA,95620,1650,1600,0,1450,0,"",2,390
963,San Martin Sublot,San Martin,CA,95046,1650,1650,0,1550,0,gmyard6@copart.com,1,395
