id,location_id,terminal_id,vehicle_type_id,price
1,1,1,1,800
2,1,2,1,290
3,1,3,1,0
4,1,4,1,0
5,1,5,1,0
6,1,6,1,0
7,2,1,1,415
8,2,2,1,0
9,2,3,1,0
10,2,4,1,250
11,2,5,1,0
12,2,6,1,0
13,3,1,1,0
14,3,2,1,340
15,3,3,1,0
16,3,4,1,0
17,3,5,1,0
18,3,6,1,0
19,4,1,1,0
20,4,2,1,650
21,4,3,1,0
22,4,4,1,0
23,4,5,1,575
24,4,6,1,0
25,5,1,1,800
26,5,2,1,280
27,5,3,1,0
28,5,4,1,0
29,5,5,1,0
30,5,6,1,0
31,6,1,1,0
32,6,2,1,250
33,6,3,1,0
34,6,4,1,0
35,6,5,1,0
36,6,6,1,0
37,7,1,1,0
38,7,2,1,250
39,7,3,1,0
40,7,4,1,0
41,7,5,1,0
42,7,6,1,0
43,8,1,1,0
44,8,2,1,310
45,8,3,1,0
46,8,4,1,0
47,8,5,1,0
48,8,6,1,0
49,9,1,1,295
50,9,2,1,0
51,9,3,1,0
52,9,4,1,250
53,9,5,1,0
54,9,6,1,0
55,10,1,1,350
56,10,2,1,0
57,10,3,1,0
58,10,4,1,270
59,10,5,1,0
60,10,6,1,0
61,11,1,1,0
62,11,2,1,340
63,11,3,1,0
64,11,4,1,0
65,11,5,1,0
66,11,6,1,0
67,12,1,1,1700
68,12,2,1,1400
69,12,3,1,0
70,12,4,1,0
71,12,5,1,0
72,12,6,1,0
73,13,1,1,0
74,13,2,1,750
75,13,3,1,0
76,13,4,1,0
77,13,5,1,0
78,13,6,1,0
79,14,1,1,800
80,14,2,1,0
81,14,3,1,0
82,14,4,1,625
83,14,5,1,0
84,14,6,1,0
85,15,1,1,305
86,15,2,1,550
87,15,3,1,800
88,15,4,1,450
89,15,5,1,850
90,15,6,1,0
91,16,1,1,325
92,16,2,1,0
93,16,3,1,0
94,16,4,1,380
95,16,5,1,0
96,16,6,1,0
97,17,1,1,0
98,17,2,1,750
99,17,3,1,0
100,17,4,1,0
101,17,5,1,0
102,17,6,1,0
103,18,1,1,3000
104,18,2,1,2800
105,18,3,1,0
106,18,4,1,3800
107,18,5,1,0
108,18,6,1,0
109,19,1,1,900
110,19,2,1,0
111,19,3,1,0
112,19,4,1,725
113,19,5,1,0
114,19,6,1,0
115,20,1,1,0
116,20,2,1,435
117,20,3,1,0
118,20,4,1,0
119,20,5,1,0
120,20,6,1,0
121,21,1,1,850
122,21,2,1,600
123,21,3,1,0
124,21,4,1,700
125,21,5,1,0
126,21,6,1,0
127,22,1,1,470
128,22,2,1,750
129,22,3,1,0
130,22,4,1,0
131,22,5,1,0
132,22,6,1,0
133,23,1,1,600
134,23,2,1,0
135,23,3,1,0
136,23,4,1,500
137,23,5,1,0
138,23,6,1,0
139,24,1,1,375
140,24,2,1,850
141,24,3,1,0
142,24,4,1,450
143,24,5,1,0
144,24,6,1,0
145,25,1,1,1200
146,25,2,1,1100
147,25,3,1,0
148,25,4,1,0
149,25,5,1,0
150,25,6,1,0
151,26,1,1,800
152,26,2,1,410
153,26,3,1,0
154,26,4,1,0
155,26,5,1,0
156,26,6,1,0
157,27,1,1,750
158,27,2,1,0
159,27,3,1,0
160,27,4,1,525
161,27,5,1,0
162,27,6,1,0
163,28,1,1,380
164,28,2,1,500
165,28,3,1,0
166,28,4,1,550
167,28,5,1,0
168,28,6,1,0
169,29,1,1,750
170,29,2,1,490
171,29,3,1,0
172,29,4,1,0
173,29,5,1,0
174,29,6,1,0
175,30,1,1,750
176,30,2,1,490
177,30,3,1,0
178,30,4,1,0
179,30,5,1,0
180,30,6,1,0
181,31,1,1,1150
182,31,2,1,800
183,31,3,1,0
184,31,4,1,0
185,31,5,1,0
186,31,6,1,0
187,32,1,1,700
188,32,2,1,750
189,32,3,1,0
190,32,4,1,0
191,32,5,1,0
192,32,6,1,0
193,33,1,1,750
194,33,2,1,450
195,33,3,1,0
196,33,4,1,0
197,33,5,1,0
198,33,6,1,0
199,34,1,1,800
200,34,2,1,1250
201,34,3,1,0
202,34,4,1,0
203,34,5,1,0
204,34,6,1,0
205,35,1,1,350
206,35,2,1,850
207,35,3,1,0
208,35,4,1,375
209,35,5,1,0
210,35,6,1,0
211,36,1,1,1150
212,36,2,1,680
213,36,3,1,0
214,36,4,1,0
215,36,5,1,0
216,36,6,1,0
217,37,1,1,1200
218,37,2,1,700
219,37,3,1,0
220,37,4,1,0
221,37,5,1,0
222,37,6,1,0
223,38,1,1,325
224,38,2,1,0
225,38,3,1,0
226,38,4,1,380
227,38,5,1,0
228,38,6,1,0
229,39,1,1,0
230,39,2,1,600
231,39,3,1,0
232,39,4,1,0
233,39,5,1,0
234,39,6,1,0
235,40,1,1,0
236,40,2,1,0
237,40,3,1,0
238,40,4,1,625
239,40,5,1,0
240,40,6,1,0
241,41,1,1,850
242,41,2,1,600
243,41,3,1,0
244,41,4,1,0
245,41,5,1,0
246,41,6,1,0
247,42,1,1,850
248,42,2,1,600
249,42,3,1,0
250,42,4,1,730
251,42,5,1,0
252,42,6,1,0
253,43,1,1,0
254,43,2,1,500
255,43,3,1,0
256,43,4,1,0
257,43,5,1,0
258,43,6,1,0
259,44,1,1,600
260,44,2,1,380
261,44,3,1,0
262,44,4,1,600
263,44,5,1,0
264,44,6,1,0
265,45,1,1,0
266,45,2,1,1400
267,45,3,1,0
268,45,4,1,0
269,45,5,1,0
270,45,6,1,0
271,46,1,1,4500
272,46,2,1,5200
273,46,3,1,0
274,46,4,1,6000
275,46,5,1,0
276,46,6,1,0
277,47,1,1,4200
278,47,2,1,5200
279,47,3,1,0
280,47,4,1,5800
281,47,5,1,0
282,47,6,1,0
283,48,1,1,4550
284,48,2,1,5550
285,48,3,1,0
286,48,4,1,5700
287,48,5,1,0
288,48,6,1,0
289,49,1,1,4500
290,49,2,1,5200
291,49,3,1,0
292,49,4,1,5900
293,49,5,1,0
294,49,6,1,0
295,50,1,1,850
296,50,2,1,0
297,50,3,1,0
298,50,4,1,800
299,50,5,1,0
300,50,6,1,0
301,51,1,1,0
302,51,2,1,650
303,51,3,1,0
304,51,4,1,0
305,51,5,1,0
306,51,6,1,0
307,52,1,1,0
308,52,2,1,800
309,52,3,1,0
310,52,4,1,0
311,52,5,1,0
312,52,6,1,0
313,53,1,4,0
314,53,2,4,0
315,53,3,4,515
316,53,4,4,690
317,53,5,4,0
318,53,6,4,0
319,54,1,1,0
320,54,2,1,435
321,54,3,1,0
322,54,4,1,0
323,54,5,1,0
324,54,6,1,0
325,55,1,1,0
326,55,2,1,725
327,55,3,1,0
328,55,4,1,0
329,55,5,1,0
330,55,6,1,0
331,56,1,1,1600
332,56,2,1,0
333,56,3,1,0
334,56,4,1,1550
335,56,5,1,0
336,56,6,1,450
337,57,1,1,1650
338,57,2,1,0
339,57,3,1,0
340,57,4,1,1650
341,57,5,1,0
342,57,6,1,310
343,58,1,1,1600
344,58,2,1,1600
345,58,3,1,0
346,58,4,1,0
347,58,5,1,0
348,58,6,1,360
349,59,1,1,1600
350,59,2,1,1600
351,59,3,1,0
352,59,4,1,1450
353,59,5,1,0
354,59,6,1,300
355,60,1,1,1800
356,60,2,1,1600
357,60,3,1,0
358,60,4,1,1600
359,60,5,1,0
360,60,6,1,650
361,61,1,1,2000
362,61,2,1,1650
363,61,3,1,0
364,61,4,1,1800
365,61,5,1,0
366,61,6,1,750
367,62,1,1,1600
368,62,2,1,1600
369,62,3,1,0
370,62,4,1,1560
371,62,5,1,0
372,62,6,1,395
373,63,1,1,1600
374,63,2,1,1600
375,63,3,1,0
376,63,4,1,1500
377,63,5,1,0
378,63,6,1,360
379,64,1,1,0
380,64,2,1,450
381,64,3,1,0
382,64,4,1,0
383,64,5,1,0
384,64,6,1,0
385,65,1,1,750
386,65,2,1,0
387,65,3,1,0
388,65,4,1,550
389,65,5,1,0
390,65,6,1,0
391,66,1,1,325
392,66,2,1,800
393,66,3,1,0
394,66,4,1,120
395,66,5,1,0
396,66,6,1,0
397,67,1,1,370
398,67,2,1,0
399,67,3,1,0
400,67,4,1,550
401,67,5,1,0
402,67,6,1,0
403,68,1,1,0
404,68,2,1,340
405,68,3,1,0
406,68,4,1,0
407,68,5,1,0
408,68,6,1,0
409,69,1,1,325
410,69,2,1,800
411,69,3,1,0
412,69,4,1,135
413,69,5,1,0
414,69,6,1,0
415,70,1,1,320
416,70,2,1,850
417,70,3,1,0
418,70,4,1,375
419,70,5,1,0
420,70,6,1,0
421,71,1,1,150
422,71,2,1,0
423,71,3,1,0
424,71,4,1,375
425,71,5,1,0
426,71,6,1,0
427,72,1,1,0
428,72,2,1,400
429,72,3,1,0
430,72,4,1,0
431,72,5,1,0
432,72,6,1,0
433,73,1,1,400
434,73,2,1,450
435,73,3,1,0
436,73,4,1,0
437,73,5,1,0
438,73,6,1,0
439,74,1,1,415
440,74,2,1,450
441,74,3,1,0
442,74,4,1,0
443,74,5,1,0
444,74,6,1,0
445,75,1,1,315
446,75,2,1,430
447,75,3,1,0
448,75,4,1,0
449,75,5,1,0
450,75,6,1,0
451,76,1,1,0
452,76,2,1,225
453,76,3,1,0
454,76,4,1,0
455,76,5,1,0
456,76,6,1,0
457,77,1,1,0
458,77,2,1,225
459,77,3,1,0
460,77,4,1,0
461,77,5,1,0
462,77,6,1,0
463,78,1,1,0
464,78,2,1,340
465,78,3,1,0
466,78,4,1,0
467,78,5,1,0
468,78,6,1,0
469,79,1,1,535
470,79,2,1,800
471,79,3,1,0
472,79,4,1,550
473,79,5,1,0
474,79,6,1,0
475,80,1,1,0
476,80,2,1,475
477,80,3,1,0
478,80,4,1,0
479,80,5,1,0
480,80,6,1,0
481,81,1,1,0
482,81,2,1,375
483,81,3,1,0
484,81,4,1,0
485,81,5,1,0
486,81,6,1,0
487,82,1,1,0
488,82,2,1,375
489,82,3,1,0
490,82,4,1,0
491,82,5,1,0
492,82,6,1,0
493,83,1,1,425
494,83,2,1,0
495,83,3,1,0
496,83,4,1,650
497,83,5,1,0
498,83,6,1,0
499,84,1,1,0
500,84,2,1,175
501,84,3,1,0
502,84,4,1,0
503,84,5,1,0
504,84,6,1,0
505,85,1,1,325
506,85,2,1,800
507,85,3,1,0
508,85,4,1,120
509,85,5,1,0
510,85,6,1,0
511,86,1,1,800
512,86,2,1,950
513,86,3,1,0
514,86,4,1,0
515,86,5,1,0
516,86,6,1,0
517,87,1,1,650
518,87,2,1,525
519,87,3,1,0
520,87,4,1,0
521,87,5,1,0
522,87,6,1,0
523,88,1,1,410
524,88,2,1,500
525,88,3,1,0
526,88,4,1,0
527,88,5,1,0
528,88,6,1,0
529,89,1,1,690
530,89,2,1,0
531,89,3,1,0
532,89,4,1,675
533,89,5,1,0
534,89,6,1,0
535,90,1,1,800
536,90,2,1,550
537,90,3,1,0
538,90,4,1,0
539,90,5,1,0
540,90,6,1,0
541,91,1,1,250
542,91,2,1,0
543,91,3,1,0
544,91,4,1,300
545,91,5,1,0
546,91,6,1,0
547,92,1,1,750
548,92,2,1,675
549,92,3,1,0
550,92,4,1,0
551,92,5,1,0
552,92,6,1,0
553,93,1,1,650
554,93,2,1,0
555,93,3,1,0
556,93,4,1,550
557,93,5,1,0
558,93,6,1,0
559,94,1,1,1200
560,94,2,1,1000
561,94,3,1,0
562,94,4,1,0
563,94,5,1,0
564,94,6,1,0
565,95,1,1,450
566,95,2,1,575
567,95,3,1,0
568,95,4,1,550
569,95,5,1,0
570,95,6,1,0
571,96,1,1,800
572,96,2,1,575
573,96,3,1,0
574,96,4,1,0
575,96,5,1,0
576,96,6,1,0
577,97,1,1,535
578,97,2,1,500
579,97,3,1,0
580,97,4,1,0
581,97,5,1,0
582,97,6,1,0
583,98,1,1,535
584,98,2,1,500
585,98,3,1,0
586,98,4,1,0
587,98,5,1,0
588,98,6,1,0
589,99,1,1,1000
590,99,2,1,700
591,99,3,1,0
592,99,4,1,0
593,99,5,1,0
594,99,6,1,0
595,100,1,1,650
596,100,2,1,900
597,100,3,1,0
598,100,4,1,0
599,100,5,1,0
600,100,6,1,0
601,101,1,1,525
602,101,2,1,0
603,101,3,1,0
604,101,4,1,580
605,101,5,1,0
606,101,6,1,0
607,102,1,1,0
608,102,2,1,450
609,102,3,1,0
610,102,4,1,0
611,102,5,1,0
612,102,6,1,0
613,103,1,1,300
614,103,2,1,0
615,103,3,1,0
616,103,4,1,250
617,103,5,1,0
618,103,6,1,0
619,104,1,1,430
620,104,2,1,600
621,104,3,1,0
622,104,4,1,500
623,104,5,1,0
624,104,6,1,0
625,105,1,1,475
626,105,2,1,0
627,105,3,1,0
628,105,4,1,500
629,105,5,1,0
630,105,6,1,0
631,106,1,1,750
632,106,2,1,880
633,106,3,1,0
634,106,4,1,0
635,106,5,1,0
636,106,6,1,0
637,107,1,1,310
638,107,2,1,900
639,107,3,1,0
640,107,4,1,250
641,107,5,1,0
642,107,6,1,0
643,108,1,1,0
644,108,2,1,625
645,108,3,1,0
646,108,4,1,0
647,108,5,1,0
648,108,6,1,0
649,109,1,1,0
650,109,2,1,450
651,109,3,1,0
652,109,4,1,0
653,109,5,1,0
654,109,6,1,0
655,110,1,1,0
656,110,2,1,450
657,110,3,1,0
658,110,4,1,0
659,110,5,1,0
660,110,6,1,0
661,111,1,1,0
662,111,2,1,0
663,111,3,1,0
664,111,4,1,515
665,111,5,1,0
666,111,6,1,0
667,112,1,1,625
668,112,2,1,630
669,112,3,1,0
670,112,4,1,0
671,112,5,1,0
672,112,6,1,0
673,113,1,1,550
674,113,2,1,0
675,113,3,1,0
676,113,4,1,0
677,113,5,1,0
678,113,6,1,0
679,114,1,1,2000
680,114,2,1,1600
681,114,3,1,0
682,114,4,1,1550
683,114,5,1,0
684,114,6,1,850
685,115,1,1,0
686,115,2,1,1400
687,115,3,1,0
688,115,4,1,0
689,115,5,1,0
690,115,6,1,525
691,116,1,1,0
692,116,2,1,1350
693,116,3,1,0
694,116,4,1,0
695,116,5,1,0
696,116,6,1,650
697,117,1,1,0
698,117,2,1,0
699,117,3,1,0
700,117,4,1,1600
701,117,5,1,0
702,117,6,1,600
703,118,1,1,0
704,118,2,1,1600
705,118,3,1,0
706,118,4,1,1350
707,118,5,1,0
708,118,6,1,500
709,119,1,1,1550
710,119,2,1,1550
711,119,3,1,0
712,119,4,1,1450
713,119,5,1,0
714,119,6,1,210
715,120,1,1,1600
716,120,2,1,1650
717,120,3,1,0
718,120,4,1,1550
719,120,5,1,0
720,120,6,1,390
721,121,1,1,1550
722,121,2,1,1550
723,121,3,1,0
724,121,4,1,1500
725,121,5,1,0
726,121,6,1,245
727,122,1,1,0
728,122,2,1,0
729,122,3,1,0
730,122,4,1,1150
731,122,5,1,0
732,122,6,1,390
733,123,1,1,0
734,123,2,1,1550
735,123,3,1,0
736,123,4,1,1550
737,123,5,1,0
738,123,6,1,395
739,124,1,1,250
740,124,2,1,0
741,124,3,1,0
742,124,4,1,300
743,124,5,1,0
744,124,6,1,0
745,125,1,1,250
746,125,2,1,0
747,125,3,1,0
748,125,4,1,300
749,125,5,1,0
750,125,6,1,0
751,126,1,1,725
752,126,2,1,725
753,126,3,1,0
754,126,4,1,750
755,126,5,1,0
756,126,6,1,0
757,127,1,1,375
758,127,2,1,0
759,127,3,1,0
760,127,4,1,380
761,127,5,1,0
762,127,6,1,0
763,128,1,1,370
764,128,2,1,750
765,128,3,1,0
766,128,4,1,270
767,128,5,1,0
768,128,6,1,0
769,129,1,1,320
770,129,2,1,0
771,129,3,1,0
772,129,4,1,250
773,129,5,1,0
774,129,6,1,0
775,130,1,1,310
776,130,2,1,0
777,130,3,1,0
778,130,4,1,370
779,130,5,1,0
780,130,6,1,0
781,131,1,1,0
782,131,2,1,375
783,131,3,1,0
784,131,4,1,0
785,131,5,1,0
786,131,6,1,0
787,132,1,1,0
788,132,2,1,350
789,132,3,1,0
790,132,4,1,0
791,132,5,1,0
792,132,6,1,0
793,133,1,1,0
794,133,2,1,195
795,133,3,1,0
796,133,4,1,0
797,133,5,1,0
798,133,6,1,0
799,134,1,1,450
800,134,2,1,200
801,134,3,1,0
802,134,4,1,0
803,134,5,1,0
804,134,6,1,0
805,135,1,1,0
806,135,2,1,285
807,135,3,1,0
808,135,4,1,0
809,135,5,1,0
810,135,6,1,0
811,136,1,1,0
812,136,2,1,375
813,136,3,1,0
814,136,4,1,0
815,136,5,1,0
816,136,6,1,0
817,137,1,1,800
818,137,2,1,310
819,137,3,1,0
820,137,4,1,0
821,137,5,1,0
822,137,6,1,0
823,138,1,1,425
824,138,2,1,0
825,138,3,1,0
826,138,4,1,550
827,138,5,1,0
828,138,6,1,0
829,139,1,1,0
830,139,2,1,330
831,139,3,1,0
832,139,4,1,0
833,139,5,1,0
834,139,6,1,0
835,140,1,1,520
836,140,2,1,490
837,140,3,1,0
838,140,4,1,0
839,140,5,1,0
840,140,6,1,0
841,141,1,1,0
842,141,2,1,275
843,141,3,1,0
844,141,4,1,0
845,141,5,1,0
846,141,6,1,0
847,142,1,1,0
848,142,2,1,0
849,142,3,1,0
850,142,4,1,0
851,142,5,1,0
852,142,6,1,0
853,143,1,1,700
854,143,2,1,625
855,143,3,1,0
856,143,4,1,0
857,143,5,1,0
858,143,6,1,0
859,144,1,1,650
860,144,2,1,650
861,144,3,1,0
862,144,4,1,650
863,144,5,1,0
864,144,6,1,0
865,145,1,1,550
866,145,2,1,800
867,145,3,1,0
868,145,4,1,500
869,145,5,1,0
870,145,6,1,0
871,146,1,1,575
872,146,2,1,550
873,146,3,1,0
874,146,4,1,0
875,146,5,1,0
876,146,6,1,0
877,147,1,1,325
878,147,2,1,0
879,147,3,1,0
880,147,4,1,375
881,147,5,1,0
882,147,6,1,0
883,148,1,1,490
884,148,2,1,490
885,148,3,1,0
886,148,4,1,0
887,148,5,1,0
888,148,6,1,0
889,149,1,1,290
890,149,2,1,575
891,149,3,1,0
892,149,4,1,0
893,149,5,1,0
894,149,6,1,0
895,150,1,1,325
896,150,2,1,0
897,150,3,1,0
898,150,4,1,380
899,150,5,1,0
900,150,6,1,0
901,151,1,1,0
902,151,2,1,0
903,151,3,1,0
904,151,4,1,550
905,151,5,1,0
906,151,6,1,0
907,152,1,1,500
908,152,2,1,900
909,152,3,1,0
910,152,4,1,610
911,152,5,1,0
912,152,6,1,0
913,153,1,1,1800
914,153,2,1,1400
915,153,3,1,0
916,153,4,1,0
917,153,5,1,0
918,153,6,1,0
919,154,1,1,900
920,154,2,1,435
921,154,3,1,0
922,154,4,1,0
923,154,5,1,0
924,154,6,1,0
925,155,1,1,475
926,155,2,1,375
927,155,3,1,0
928,155,4,1,575
929,155,5,1,0
930,155,6,1,0
931,156,1,1,800
932,156,2,1,1000
933,156,3,1,0
934,156,4,1,500
935,156,5,1,0
936,156,6,1,0
937,157,1,1,825
938,157,2,1,750
939,157,3,1,0
940,157,4,1,0
941,157,5,1,0
942,157,6,1,0
943,158,1,1,800
944,158,2,1,450
945,158,3,1,0
946,158,4,1,0
947,158,5,1,0
948,158,6,1,0
949,159,1,1,900
950,159,2,1,750
951,159,3,1,0
952,159,4,1,0
953,159,5,1,0
954,159,6,1,0
955,160,1,1,800
956,160,2,1,550
957,160,3,1,0
958,160,4,1,0
959,160,5,1,0
960,160,6,1,0
961,161,1,1,700
962,161,2,1,560
963,161,3,1,0
964,161,4,1,0
965,161,5,1,0
966,161,6,1,0
967,162,1,1,600
968,162,2,1,0
969,162,3,1,0
970,162,4,1,500
971,162,5,1,0
972,162,6,1,0
973,163,1,1,0
974,163,2,1,0
975,163,3,1,0
976,163,4,1,550
977,163,5,1,0
978,163,6,1,0
979,164,1,1,0
980,164,2,1,775
981,164,3,1,0
982,164,4,1,675
983,164,5,1,0
984,164,6,1,0
985,165,1,1,0
986,165,2,1,770
987,165,3,1,0
988,165,4,1,0
989,165,5,1,0
990,165,6,1,0
991,166,1,1,310
992,166,2,1,900
993,166,3,1,0
994,166,4,1,250
995,166,5,1,0
996,166,6,1,0
997,167,1,1,0
998,167,2,1,450
999,167,3,1,0
1000,167,4,1,0
1001,167,5,1,0
1002,167,6,1,0
1003,168,1,1,600
1004,168,2,1,650
1005,168,3,1,0
1006,168,4,1,0
1007,168,5,1,0
1008,168,6,1,0
1009,169,1,1,1050
1010,169,2,1,0
1011,169,3,1,0
1012,169,4,1,0
1013,169,5,1,0
1014,169,6,1,0
1015,170,1,1,0
1016,170,2,1,1600
1017,170,3,1,0
1018,170,4,1,1750
1019,170,5,1,0
1020,170,6,1,0
1021,171,1,1,0
1022,171,2,1,680
1023,171,3,1,0
1024,171,4,1,0
1025,171,5,1,0
1026,171,6,1,0
1027,172,1,1,0
1028,172,2,1,590
1029,172,3,1,0
1030,172,4,1,0
1031,172,5,1,0
1032,172,6,1,0
1033,173,1,1,750
1034,173,2,1,750
1035,173,3,1,0
1036,173,4,1,600
1037,173,5,1,0
1038,173,6,1,0
1039,174,1,1,325
1040,174,2,1,0
1041,174,3,1,0
1042,174,4,1,375
1043,174,5,1,0
1044,174,6,1,0
1045,175,1,1,300
1046,175,2,1,0
1047,175,3,1,0
1048,175,4,1,410
1049,175,5,1,0
1050,175,6,1,0
1051,176,1,1,1400
1052,176,2,1,1400
1053,176,3,1,0
1054,176,4,1,1275
1055,176,5,1,0
1056,176,6,1,175
1057,177,1,1,1300
1058,177,2,1,1320
1059,177,3,1,0
1060,177,4,1,1200
1061,177,5,1,0
1062,177,6,1,350
1063,178,1,1,0
1064,178,2,1,1600
1065,178,3,1,0
1066,178,4,1,1600
1067,178,5,1,0
1068,178,6,1,825
1069,179,1,1,0
1070,179,2,1,1350
1071,179,3,1,0
1072,179,4,1,0
1073,179,5,1,0
1074,179,6,1,650
1075,180,1,1,1600
1076,180,2,1,1400
1077,180,3,1,0
1078,180,4,1,1200
1079,180,5,1,0
1080,180,6,1,525
1081,181,1,1,1550
1082,181,2,1,1550
1083,181,3,1,0
1084,181,4,1,1375
1085,181,5,1,0
1086,181,6,1,250
1087,182,1,1,1500
1088,182,2,1,1550
1089,182,3,1,0
1090,182,4,1,1400
1091,182,5,1,0
1092,182,6,1,390
1093,183,1,1,0
1094,183,2,1,490
1095,183,3,1,0
1096,183,4,1,0
1097,183,5,1,0
1098,183,6,1,0
1099,184,1,1,0
1100,184,2,1,550
1101,184,3,1,0
1102,184,4,1,0
1103,184,5,1,0
1104,184,6,1,0
1105,185,1,1,0
1106,185,2,1,750
1107,185,3,1,0
1108,185,4,1,0
1109,185,5,1,0
1110,185,6,1,0
1111,186,1,1,750
1112,186,2,1,455
1113,186,3,1,0
1114,186,4,1,1300
1115,186,5,1,0
1116,186,6,1,0
1117,187,1,1,350
1118,187,2,1,450
1119,187,3,1,0
1120,187,4,1,425
1121,187,5,1,0
1122,187,6,1,0
1123,188,1,1,0
1124,188,2,1,380
1125,188,3,1,0
1126,188,4,1,0
1127,188,5,1,0
1128,188,6,1,0
1129,189,1,1,325
1130,189,2,1,0
1131,189,3,1,0
1132,189,4,1,270
1133,189,5,1,0
1134,189,6,1,0
1135,190,1,1,235
1136,190,2,1,0
1137,190,3,1,0
1138,190,4,1,410
1139,190,5,1,0
1140,190,6,1,0
1141,191,1,1,0
1142,191,2,1,725
1143,191,3,1,0
1144,191,4,1,0
1145,191,5,1,0
1146,191,6,1,0
1147,192,1,1,480
1148,192,2,1,0
1149,192,3,1,0
1150,192,4,1,550
1151,192,5,1,0
1152,192,6,1,0
1153,193,1,1,0
1154,193,2,1,500
1155,193,3,1,0
1156,193,4,1,0
1157,193,5,1,0
1158,193,6,1,0
1159,194,1,1,500
1160,194,2,1,500
1161,194,3,1,0
1162,194,4,1,0
1163,194,5,1,0
1164,194,6,1,0
1165,195,1,1,0
1166,195,2,1,550
1167,195,3,1,0
1168,195,4,1,0
1169,195,5,1,0
1170,195,6,1,0
1171,196,1,1,475
1172,196,2,1,375
1173,196,3,1,0
1174,196,4,1,575
1175,196,5,1,0
1176,196,6,1,0
1177,197,1,1,0
1178,197,2,1,450
1179,197,3,1,0
1180,197,4,1,0
1181,197,5,1,0
1182,197,6,1,0
1183,198,1,1,430
1184,198,2,1,600
1185,198,3,1,0
1186,198,4,1,500
1187,198,5,1,0
1188,198,6,1,0
1189,199,1,1,0
1190,199,2,1,450
1191,199,3,1,0
1192,199,4,1,0
1193,199,5,1,0
1194,199,6,1,0
1195,200,1,1,325
1196,200,2,1,0
1197,200,3,1,0
1198,200,4,1,380
1199,200,5,1,0
1200,200,6,1,0
1201,201,1,1,325
1202,201,2,1,800
1203,201,3,1,0
1204,201,4,1,135
1205,201,5,1,0
1206,201,6,1,0
1207,202,1,1,800
1208,202,2,1,290
1209,202,3,1,0
1210,202,4,1,0
1211,202,5,1,0
1212,202,6,1,0
1213,203,1,1,350
1214,203,2,1,0
1215,203,3,1,0
1216,203,4,1,0
1217,203,5,1,0
1218,203,6,1,0
1219,204,1,1,0
1220,204,2,1,285
1221,204,3,1,0
1222,204,4,1,0
1223,204,5,1,0
1224,204,6,1,0
1225,205,1,1,800
1226,205,2,1,550
1227,205,3,1,0
1228,205,4,1,0
1229,205,5,1,0
1230,205,6,1,0
1231,206,1,1,0
1232,206,2,1,525
1233,206,3,1,0
1234,206,4,1,0
1235,206,5,1,0
1236,206,6,1,0
1237,207,1,1,0
1238,207,2,1,525
1239,207,3,1,0
1240,207,4,1,0
1241,207,5,1,0
1242,207,6,1,0
1243,208,1,1,535
1244,208,2,1,500
1245,208,3,1,0
1246,208,4,1,0
1247,208,5,1,0
1248,208,6,1,0
1249,209,1,1,350
1250,209,2,1,0
1251,209,3,1,0
1252,209,4,1,270
1253,209,5,1,0
1254,209,6,1,0
1255,210,1,1,325
1256,210,2,1,0
1257,210,3,1,0
1258,210,4,1,260
1259,210,5,1,0
1260,210,6,1,0
1261,211,1,1,0
1262,211,2,1,450
1263,211,3,1,0
1264,211,4,1,0
1265,211,5,1,0
1266,211,6,1,0
1267,212,1,1,0
1268,212,2,1,450
1269,212,3,1,0
1270,212,4,1,0
1271,212,5,1,0
1272,212,6,1,0
1273,213,1,1,0
1274,213,2,1,375
1275,213,3,1,0
1276,213,4,1,0
1277,213,5,1,0
1278,213,6,1,0
1279,214,1,1,0
1280,214,2,1,285
1281,214,3,1,0
1282,214,4,1,0
1283,214,5,1,0
1284,214,6,1,0
1285,215,1,1,0
1286,215,2,1,275
1287,215,3,1,0
1288,215,4,1,0
1289,215,5,1,0
1290,215,6,1,0
1291,216,1,1,0
1292,216,2,1,725
1293,216,3,1,0
1294,216,4,1,0
1295,216,5,1,0
1296,216,6,1,0
1297,217,1,1,0
1298,217,2,1,0
1299,217,3,1,0
1300,217,4,1,675
1301,217,5,1,0
1302,217,6,1,0
1303,218,1,1,0
1304,218,2,1,0
1305,218,3,1,0
1306,218,4,1,675
1307,218,5,1,0
1308,218,6,1,0
1309,219,1,1,0
1310,219,2,1,725
1311,219,3,1,0
1312,219,4,1,0
1313,219,5,1,0
1314,219,6,1,0
1315,220,1,1,0
1316,220,2,1,770
1317,220,3,1,0
1318,220,4,1,0
1319,220,5,1,0
1320,220,6,1,0
1321,221,1,1,775
1322,221,2,1,725
1323,221,3,1,0
1324,221,4,1,0
1325,221,5,1,0
1326,221,6,1,0
1327,222,1,1,0
1328,222,2,1,775
1329,222,3,1,0
1330,222,4,1,675
1331,222,5,1,0
1332,222,6,1,0
1333,223,1,1,1000
1334,223,2,1,700
1335,223,3,1,775
1336,223,4,1,0
1337,223,5,1,665
1338,223,6,1,0
1339,224,1,1,325
1340,224,2,1,0
1341,224,3,1,0
1342,224,4,1,380
1343,224,5,1,0
1344,224,6,1,0
1345,225,1,1,265
1346,225,2,1,575
1347,225,3,1,0
1348,225,4,1,575
1349,225,5,1,0
1350,225,6,1,0
1351,226,1,1,315
1352,226,2,1,430
1353,226,3,1,0
1354,226,4,1,0
1355,226,5,1,0
1356,226,6,1,0
1357,227,1,1,425
1358,227,2,1,0
1359,227,3,1,0
1360,227,4,1,250
1361,227,5,1,0
1362,227,6,1,0
1363,228,1,1,325
1364,228,2,1,450
1365,228,3,1,0
1366,228,4,1,0
1367,228,5,1,0
1368,228,6,1,0
1369,229,1,1,350
1370,229,2,1,550
1371,229,3,1,0
1372,229,4,1,0
1373,229,5,1,0
1374,229,6,1,0
1375,230,1,1,400
1376,230,2,1,750
1377,230,3,1,0
1378,230,4,1,270
1379,230,5,1,0
1380,230,6,1,0
1381,231,1,1,475
1382,231,2,1,375
1383,231,3,1,0
1384,231,4,1,575
1385,231,5,1,0
1386,231,6,1,0
1387,232,1,1,750
1388,232,2,1,0
1389,232,3,1,0
1390,232,4,1,550
1391,232,5,1,0
1392,232,6,1,0
1393,233,1,1,0
1394,233,2,1,250
1395,233,3,1,0
1396,233,4,1,0
1397,233,5,1,0
1398,233,6,1,0
1399,234,1,1,800
1400,234,2,1,0
1401,234,3,1,0
1402,234,4,1,625
1403,234,5,1,0
1404,234,6,1,0
1405,235,1,1,0
1406,235,2,1,1600
1407,235,3,1,0
1408,235,4,1,1520
1409,235,5,1,0
1410,235,6,1,395
1411,236,1,1,1300
1412,236,2,1,1320
1413,236,3,1,0
1414,236,4,1,1200
1415,236,5,1,0
1416,236,6,1,350
1417,237,1,1,1500
1418,237,2,1,1600
1419,237,3,1,0
1420,237,4,1,1300
1421,237,5,1,0
1422,237,6,1,160
1423,238,1,1,1500
1424,238,2,1,1600
1425,238,3,1,0
1426,238,4,1,1300
1427,238,5,1,0
1428,238,6,1,160
1429,239,1,1,1400
1430,239,2,1,0
1431,239,3,1,0
1432,239,4,1,1350
1433,239,5,1,0
1434,239,6,1,250
1435,240,1,1,1700
1436,240,2,1,0
1437,240,3,1,0
1438,240,4,1,1400
1439,240,5,1,0
1440,240,6,1,510
1441,241,1,1,2000
1442,241,2,1,1600
1443,241,3,1,0
1444,241,4,1,1550
1445,241,5,1,0
1446,241,6,1,850
1447,242,1,1,1100
1448,242,2,1,0
1449,242,3,1,0
1450,242,4,1,1000
1451,242,5,1,0
1452,242,6,1,400
1453,243,1,1,1375
1454,243,2,1,1450
1455,243,3,1,0
1456,243,4,1,1300
1457,243,5,1,0
1458,243,6,1,225
1459,244,1,1,0
1460,244,2,1,1550
1461,244,3,1,0
1462,244,4,1,1550
1463,244,5,1,0
1464,244,6,1,395
1465,245,1,1,0
1466,245,2,1,275
1467,245,3,1,0
1468,245,4,1,0
1469,245,5,1,0
1470,245,6,1,0
1471,246,1,1,1100
1472,246,2,1,1100
1473,246,3,1,0
1474,246,4,1,0
1475,246,5,1,0
1476,246,6,1,0
1477,247,1,1,750
1478,247,2,1,0
1479,247,3,1,0
1480,247,4,1,525
1481,247,5,1,0
1482,247,6,1,0
1483,248,1,1,700
1484,248,2,1,275
1485,248,3,1,0
1486,248,4,1,0
1487,248,5,1,0
1488,248,6,1,0
1489,249,1,2,0
1490,249,2,2,0
1491,249,3,2,370
1492,249,4,2,800
1493,249,5,2,0
1494,249,6,2,0
1495,250,1,2,0
1496,250,2,2,340
1497,250,3,2,0
1498,250,4,2,0
1499,250,5,2,0
1500,250,6,2,0
1501,251,1,2,800
1502,251,2,2,435
1503,251,3,2,1300
1504,251,4,2,0
1505,251,5,2,600
1506,251,6,2,0
1507,252,1,2,3500
1508,252,2,2,3500
1509,252,3,2,3500
1510,252,4,2,3500
1511,252,5,2,3500
1512,252,6,2,0
1513,253,1,2,0
1514,253,2,2,750
1515,253,3,2,0
1516,253,4,2,0
1517,253,5,2,475
1518,253,6,2,0
1519,254,1,2,380
1520,254,2,2,525
1521,254,3,2,0
1522,254,4,2,0
1523,254,5,2,0
1524,254,6,2,0
1525,255,1,2,550
1526,255,2,2,550
1527,255,3,2,0
1528,255,4,2,0
1529,255,5,2,0
1530,255,6,2,0
1531,256,1,2,0
1532,256,2,2,195
1533,256,3,2,0
1534,256,4,2,0
1535,256,5,2,0
1536,256,6,2,0
1537,257,1,2,0
1538,257,2,2,325
1539,257,3,2,0
1540,257,4,2,0
1541,257,5,2,0
1542,257,6,2,0
1543,258,1,2,450
1544,258,2,2,0
1545,258,3,2,370
1546,258,4,2,0
1547,258,5,2,0
1548,258,6,2,0
1549,259,1,2,1700
1550,259,2,2,1400
1551,259,3,2,1400
1552,259,4,2,1600
1553,259,5,2,1200
1554,259,6,2,0
1555,260,1,2,400
1556,260,2,2,0
1557,260,3,2,550
1558,260,4,2,0
1559,260,5,2,0
1560,260,6,2,0
1561,261,1,2,1800
1562,261,2,2,1400
1563,261,3,2,1050
1564,261,4,2,0
1565,261,5,2,950
1566,261,6,2,0
1567,262,1,2,0
1568,262,2,2,380
1569,262,3,2,0
1570,262,4,2,0
1571,262,5,2,0
1572,262,6,2,0
1573,263,1,2,0
1574,263,2,2,600
1575,263,3,2,0
1576,263,4,2,0
1577,263,5,2,400
1578,263,6,2,0
1579,264,1,2,0
1580,264,2,2,550
1581,264,3,2,0
1582,264,4,2,0
1583,264,5,2,600
1584,264,6,2,0
1585,265,1,2,0
1586,265,2,2,500
1587,265,3,2,0
1588,265,4,2,0
1589,265,5,2,0
1590,265,6,2,0
1591,266,1,2,0
1592,266,2,2,515
1593,266,3,2,0
1594,266,4,2,0
1595,266,5,2,0
1596,266,6,2,0
1597,267,1,2,0
1598,267,2,2,1400
1599,267,3,2,0
1600,267,4,2,0
1601,267,5,2,950
1602,267,6,2,0
1603,268,1,2,0
1604,268,2,2,185
1605,268,3,2,0
1606,268,4,2,0
1607,268,5,2,0
1608,268,6,2,0
1609,269,1,2,275
1610,269,2,2,0
1611,269,3,2,0
1612,269,4,2,420
1613,269,5,2,0
1614,269,6,2,0
1615,270,1,2,350
1616,270,2,2,550
1617,270,3,2,0
1618,270,4,2,415
1619,270,5,2,0
1620,270,6,2,0
1621,271,1,2,450
1622,271,2,2,0
1623,271,3,2,0
1624,271,4,2,575
1625,271,5,2,0
1626,271,6,2,0
1627,272,1,2,0
1628,272,2,2,600
1629,272,3,2,0
1630,272,4,2,0
1631,272,5,2,175
1632,272,6,2,0
1633,273,1,2,0
1634,273,2,2,550
1635,273,3,2,0
1636,273,4,2,0
1637,273,5,2,390
1638,273,6,2,0
1639,274,1,2,0
1640,274,2,2,550
1641,274,3,2,0
1642,274,4,2,0
1643,274,5,2,390
1644,274,6,2,0
1645,275,1,2,350
1646,275,2,2,0
1647,275,3,2,0
1648,275,4,2,275
1649,275,5,2,0
1650,275,6,2,0
1651,276,1,2,0
1652,276,2,2,510
1653,276,3,2,0
1654,276,4,2,0
1655,276,5,2,0
1656,276,6,2,0
1657,277,1,2,255
1658,277,2,2,500
1659,277,3,2,0
1660,277,4,2,450
1661,277,5,2,0
1662,277,6,2,0
1663,278,1,2,350
1664,278,2,2,475
1665,278,3,2,0
1666,278,4,2,0
1667,278,5,2,0
1668,278,6,2,0
1669,279,1,2,0
1670,279,2,2,380
1671,279,3,2,0
1672,279,4,2,0
1673,279,5,2,0
1674,279,6,2,0
1675,280,1,2,0
1676,280,2,2,625
1677,280,3,2,0
1678,280,4,2,0
1679,280,5,2,350
1680,280,6,2,0
1681,281,1,2,0
1682,281,2,2,500
1683,281,3,2,0
1684,281,4,2,0
1685,281,5,2,375
1686,281,6,2,0
1687,282,1,2,0
1688,282,2,2,780
1689,282,3,2,680
1690,282,4,2,0
1691,282,5,2,0
1692,282,6,2,0
1693,283,1,2,0
1694,283,2,2,780
1695,283,3,2,700
1696,283,4,2,0
1697,283,5,2,0
1698,283,6,2,0
1699,284,1,2,0
1700,284,2,2,600
1701,284,3,2,0
1702,284,4,2,0
1703,284,5,2,475
1704,284,6,2,0
1705,285,1,2,390
1706,285,2,2,0
1707,285,3,2,0
1708,285,4,2,0
1709,285,5,2,0
1710,285,6,2,0
1711,286,1,2,0
1712,286,2,2,355
1713,286,3,2,0
1714,286,4,2,0
1715,286,5,2,0
1716,286,6,2,0
1717,53,1,2,0
1718,53,2,2,0
1719,53,3,2,515
1720,53,4,2,690
1721,53,5,2,0
1722,53,6,2,0
1723,287,1,2,0
1724,287,2,2,275
1725,287,3,2,0
1726,287,4,2,0
1727,287,5,2,0
1728,287,6,2,0
1729,288,1,2,0
1730,288,2,2,500
1731,288,3,2,0
1732,288,4,2,0
1733,288,5,2,500
1734,288,6,2,0
1735,289,1,2,0
1736,289,2,2,1175
1737,289,3,2,0
1738,289,4,2,0
1739,289,5,2,1035
1740,289,6,2,0
1741,290,1,2,0
1742,290,2,2,525
1743,290,3,2,0
1744,290,4,2,0
1745,290,5,2,425
1746,290,6,2,0
1747,291,1,2,350
1748,291,2,2,0
1749,291,3,2,0
1750,291,4,2,285
1751,291,5,2,0
1752,291,6,2,0
1753,292,1,2,415
1754,292,2,2,900
1755,292,3,2,900
1756,292,4,2,0
1757,292,5,2,1300
1758,292,6,2,0
1759,293,1,2,650
1760,293,2,2,490
1761,293,3,2,1000
1762,293,4,2,0
1763,293,5,2,700
1764,293,6,2,0
1765,294,1,2,0
1766,294,2,2,550
1767,294,3,2,0
1768,294,4,2,0
1769,294,5,2,480
1770,294,6,2,0
1771,295,1,2,290
1772,295,2,2,525
1773,295,3,2,0
1774,295,4,2,0
1775,295,5,2,0
1776,295,6,2,0
1777,296,1,2,450
1778,296,2,2,600
1779,296,3,2,500
1780,296,4,2,0
1781,296,5,2,0
1782,296,6,2,0
1783,297,1,2,650
1784,297,2,2,490
1785,297,3,2,1000
1786,297,4,2,0
1787,297,5,2,450
1788,297,6,2,0
1789,298,1,2,0
1790,298,2,2,550
1791,298,3,2,0
1792,298,4,2,0
1793,298,5,2,200
1794,298,6,2,0
1795,299,1,2,500
1796,299,2,2,450
1797,299,3,2,0
1798,299,4,2,0
1799,299,5,2,0
1800,299,6,2,0
1801,300,1,2,0
1802,300,2,2,550
1803,300,3,2,0
1804,300,4,2,700
1805,300,5,2,450
1806,300,6,2,0
1807,301,1,2,800
1808,301,2,2,200
1809,301,3,2,0
1810,301,4,2,0
1811,301,5,2,0
1812,301,6,2,0
1813,302,1,2,350
1814,302,2,2,450
1815,302,3,2,0
1816,302,4,2,450
1817,302,5,2,0
1818,302,6,2,0
1819,303,1,2,325
1820,303,2,2,0
1821,303,3,2,0
1822,303,4,2,375
1823,303,5,2,0
1824,303,6,2,0
1825,304,1,2,800
1826,304,2,2,0
1827,304,3,2,300
1828,304,4,2,650
1829,304,5,2,0
1830,304,6,2,0
1831,305,1,2,1050
1832,305,2,2,0
1833,305,3,2,0
1834,305,4,2,950
1835,305,5,2,0
1836,305,6,2,0
1837,306,1,2,1250
1838,306,2,2,1400
1839,306,3,2,0
1840,306,4,2,1250
1841,306,5,2,0
1842,306,6,2,225
1843,307,1,2,900
1844,307,2,2,0
1845,307,3,2,0
1846,307,4,2,720
1847,307,5,2,0
1848,307,6,2,0
1849,308,1,2,0
1850,308,2,2,1600
1851,308,3,2,0
1852,308,4,2,0
1853,308,5,2,1400
1854,308,6,2,650
1855,309,1,2,550
1856,309,2,2,550
1857,309,3,2,0
1858,309,4,2,0
1859,309,5,2,175
1860,309,6,2,0
1861,310,1,2,1400
1862,310,2,2,1450
1863,310,3,2,0
1864,310,4,2,1350
1865,310,5,2,0
1866,310,6,2,175
1867,311,1,2,1400
1868,311,2,2,0
1869,311,3,2,0
1870,311,4,2,1250
1871,311,5,2,0
1872,311,6,2,175
1873,312,1,2,1600
1874,312,2,2,1600
1875,312,3,2,0
1876,312,4,2,1550
1877,312,5,2,0
1878,312,6,2,390
1879,313,1,2,1450
1880,313,2,2,1450
1881,313,3,2,0
1882,313,4,2,1450
1883,313,5,2,0
1884,313,6,2,200
1885,314,1,2,1450
1886,314,2,2,1450
1887,314,3,2,0
1888,314,4,2,1450
1889,314,5,2,0
1890,314,6,2,210
1891,315,1,2,1600
1892,315,2,2,1600
1893,315,3,2,1000
1894,315,4,2,1550
1895,315,5,2,1400
1896,315,6,2,390
1897,316,1,2,1600
1898,316,2,2,1600
1899,316,3,2,0
1900,316,4,2,1550
1901,316,5,2,0
1902,316,6,2,300
1903,317,1,2,300
1904,317,2,2,0
1905,317,3,2,0
1906,317,4,2,375
1907,317,5,2,0
1908,317,6,2,0
1909,318,1,2,670
1910,318,2,2,0
1911,318,3,2,275
1912,318,4,2,525
1913,318,5,2,0
1914,318,6,2,0
1915,319,1,2,800
1916,319,2,2,0
1917,319,3,2,0
1918,319,4,2,600
1919,319,5,2,0
1920,319,6,2,0
1921,320,1,2,315
1922,320,2,2,0
1923,320,3,2,0
1924,320,4,2,375
1925,320,5,2,0
1926,320,6,2,0
1927,321,1,2,450
1928,321,2,2,0
1929,321,3,2,525
1930,321,4,2,500
1931,321,5,2,0
1932,321,6,2,0
1933,322,1,2,0
1934,322,2,2,290
1935,322,3,2,0
1936,322,4,2,0
1937,322,5,2,0
1938,322,6,2,0
1939,323,1,2,0
1940,323,2,2,315
1941,323,3,2,0
1942,323,4,2,0
1943,323,5,2,0
1944,323,6,2,0
1945,324,1,2,5500
1946,324,2,2,5500
1947,324,3,2,5500
1948,324,4,2,5500
1949,324,5,2,5500
1950,324,6,2,0
1951,325,1,2,5500
1952,325,2,2,5500
1953,325,3,2,5500
1954,325,4,2,5500
1955,325,5,2,5500
1956,325,6,2,0
1957,326,1,2,5500
1958,326,2,2,5550
1959,326,3,2,3950
1960,326,4,2,5500
1961,326,5,2,5500
1962,326,6,2,0
1963,327,1,2,5500
1964,327,2,2,5500
1965,327,3,2,5500
1966,327,4,2,5500
1967,327,5,2,5500
1968,327,6,2,0
1969,328,1,2,400
1970,328,2,2,0
1971,328,3,2,0
1972,328,4,2,500
1973,328,5,2,0
1974,328,6,2,0
1975,329,1,2,0
1976,329,2,2,550
1977,329,3,2,0
1978,329,4,2,0
1979,329,5,2,250
1980,329,6,2,0
1981,330,1,2,450
1982,330,2,2,0
1983,330,3,2,450
1984,330,4,2,500
1985,330,5,2,0
1986,330,6,2,0
1987,331,1,2,285
1988,331,2,2,0
1989,331,3,2,0
1990,331,4,2,260
1991,331,5,2,0
1992,331,6,2,0
1993,332,1,2,400
1994,332,2,2,0
1995,332,3,2,0
1996,332,4,2,500
1997,332,5,2,0
1998,332,6,2,0
1999,333,1,2,450
2000,333,2,2,0
2001,333,3,2,325
2002,333,4,2,500
2003,333,5,2,0
2004,333,6,2,0
2005,334,1,2,0
2006,334,2,2,335
2007,334,3,2,0
2008,334,4,2,0
2009,334,5,2,0
2010,334,6,2,0
2011,335,1,2,345
2012,335,2,2,550
2013,335,3,2,0
2014,335,4,2,0
2015,335,5,2,0
2016,335,6,2,0
2017,336,1,2,0
2018,336,2,2,590
2019,336,3,2,0
2020,336,4,2,0
2021,336,5,2,275
2022,336,6,2,0
2023,337,1,2,500
2024,337,2,2,0
2025,337,3,2,450
2026,337,4,2,0
2027,337,5,2,0
2028,337,6,2,0
2029,338,1,2,450
2030,338,2,2,0
2031,338,3,2,350
2032,338,4,2,0
2033,338,5,2,0
2034,338,6,2,0
2035,339,1,2,500
2036,339,2,2,550
2037,339,3,2,0
2038,339,4,2,0
2039,339,5,2,400
2040,339,6,2,0
2041,340,1,2,500
2042,340,2,2,550
2043,340,3,2,0
2044,340,4,2,0
2045,340,5,2,400
2046,340,6,2,0
2047,341,1,2,0
2048,341,2,2,0
2049,341,3,2,450
2050,341,4,2,680
2051,341,5,2,0
2052,341,6,2,0
2053,342,1,2,315
2054,342,2,2,0
2055,342,3,2,0
2056,342,4,2,380
2057,342,5,2,0
2058,342,6,2,0
2059,343,1,2,0
2060,343,2,2,370
2061,343,3,2,0
2062,343,4,2,0
2063,343,5,2,0
2064,343,6,2,0
2065,344,1,2,490
2066,344,2,2,0
2067,344,3,2,0
2068,344,4,2,560
2069,344,5,2,0
2070,344,6,2,0
2071,345,1,2,350
2072,345,2,2,0
2073,345,3,2,0
2074,345,4,2,125
2075,345,5,2,0
2076,345,6,2,0
2077,346,1,2,350
2078,346,2,2,0
2079,346,3,2,0
2080,346,4,2,125
2081,346,5,2,0
2082,346,6,2,0
2083,347,1,2,0
2084,347,2,2,650
2085,347,3,2,0
2086,347,4,2,0
2087,347,5,2,275
2088,347,6,2,0
2089,348,1,2,0
2090,348,2,2,1400
2091,348,3,2,1400
2092,348,4,2,1800
2093,348,5,2,1350
2094,348,6,2,0
2095,349,1,2,435
2096,349,2,2,0
2097,349,3,2,0
2098,349,4,2,575
2099,349,5,2,0
2100,349,6,2,0
2101,350,1,2,0
2102,350,2,2,325
2103,350,3,2,0
2104,350,4,2,0
2105,350,5,2,0
2106,350,6,2,0
2107,351,1,2,460
2108,351,2,2,0
2109,351,3,2,370
2110,351,4,2,0
2111,351,5,2,0
2112,351,6,2,0
2113,352,1,2,460
2114,352,2,2,0
2115,352,3,2,370
2116,352,4,2,0
2117,352,5,2,0
2118,352,6,2,0
2119,353,1,2,0
2120,353,2,2,270
2121,353,3,2,0
2122,353,4,2,0
2123,353,5,2,0
2124,353,6,2,0
2125,354,1,2,0
2126,354,2,2,200
2127,354,3,2,0
2128,354,4,2,0
2129,354,5,2,0
2130,354,6,2,0
2131,355,1,2,0
2132,355,2,2,400
2133,355,3,2,0
2134,355,4,2,0
2135,355,5,2,0
2136,355,6,2,0
2137,356,1,2,800
2138,356,2,2,800
2139,356,3,2,400
2140,356,4,2,600
2141,356,5,2,0
2142,356,6,2,0
2143,357,1,2,0
2144,357,2,2,650
2145,357,3,2,0
2146,357,4,2,0
2147,357,5,2,0
2148,357,6,2,0
2149,358,1,2,325
2150,358,2,2,0
2151,358,3,2,0
2152,358,4,2,225
2153,358,5,2,0
2154,358,6,2,0
2155,359,1,2,325
2156,359,2,2,0
2157,359,3,2,0
2158,359,4,2,225
2159,359,5,2,0
2160,359,6,2,0
2161,360,1,2,325
2162,360,2,2,0
2163,360,3,2,0
2164,360,4,2,225
2165,360,5,2,0
2166,360,6,2,0
2167,361,1,2,410
2168,361,2,2,0
2169,361,3,2,0
2170,361,4,2,370
2171,361,5,2,0
2172,361,6,2,0
2173,362,1,2,0
2174,362,2,2,0
2175,362,3,2,410
2176,362,4,2,900
2177,362,5,2,0
2178,362,6,2,0
2179,363,1,2,0
2180,363,2,2,240
2181,363,3,2,0
2182,363,4,2,0
2183,363,5,2,0
2184,363,6,2,0
2185,364,1,2,0
2186,364,2,2,275
2187,364,3,2,0
2188,364,4,2,0
2189,364,5,2,0
2190,364,6,2,0
2191,365,1,2,0
2192,365,2,2,450
2193,365,3,2,0
2194,365,4,2,0
2195,365,5,2,0
2196,365,6,2,0
2197,366,1,2,0
2198,366,2,2,450
2199,366,3,2,0
2200,366,4,2,0
2201,366,5,2,0
2202,366,6,2,0
2203,367,1,2,0
2204,367,2,2,715
2205,367,3,2,0
2206,367,4,2,0
2207,367,5,2,400
2208,367,6,2,0
2209,368,1,2,0
2210,368,2,2,450
2211,368,3,2,0
2212,368,4,2,0
2213,368,5,2,0
2214,368,6,2,0
2215,369,1,2,0
2216,369,2,2,395
2217,369,3,2,0
2218,369,4,2,0
2219,369,5,2,0
2220,369,6,2,0
2221,370,1,2,295
2222,370,2,2,460
2223,370,3,2,0
2224,370,4,2,0
2225,370,5,2,0
2226,370,6,2,0
2227,371,1,2,0
2228,371,2,2,465
2229,371,3,2,0
2230,371,4,2,0
2231,371,5,2,0
2232,371,6,2,0
2233,372,1,2,0
2234,372,2,2,315
2235,372,3,2,0
2236,372,4,2,0
2237,372,5,2,0
2238,372,6,2,0
2239,373,1,2,480
2240,373,2,2,460
2241,373,3,2,0
2242,373,4,2,0
2243,373,5,2,0
2244,373,6,2,0
2245,374,1,2,680
2246,374,2,2,0
2247,374,3,2,0
2248,374,4,2,600
2249,374,5,2,0
2250,374,6,2,0
2251,375,1,2,650
2252,375,2,2,0
2253,375,3,2,150
2254,375,4,2,500
2255,375,5,2,0
2256,375,6,2,0
2257,376,1,2,650
2258,376,2,2,750
2259,376,3,2,150
2260,376,4,2,480
2261,376,5,2,0
2262,376,6,2,0
2263,377,1,2,850
2264,377,2,2,400
2265,377,3,2,0
2266,377,4,2,0
2267,377,5,2,0
2268,377,6,2,0
2269,378,1,2,1650
2270,378,2,2,1600
2271,378,3,2,0
2272,378,4,2,1450
2273,378,5,2,0
2274,378,6,2,390
2275,379,1,2,1300
2276,379,2,2,1300
2277,379,3,2,0
2278,379,4,2,1250
2279,379,5,2,0
2280,379,6,2,175
2281,380,1,2,1400
2282,380,2,2,0
2283,380,3,2,0
2284,380,4,2,1350
2285,380,5,2,0
2286,380,6,2,175
2287,381,1,2,325
2288,381,2,2,0
2289,381,3,2,0
2290,381,4,2,375
2291,381,5,2,0
2292,381,6,2,0
2293,382,1,2,1300
2294,382,2,2,1300
2295,382,3,2,0
2296,382,4,2,1250
2297,382,5,2,0
2298,382,6,2,250
2299,383,1,2,0
2300,383,2,2,0
2301,383,3,2,900
2302,383,4,2,1000
2303,383,5,2,0
2304,383,6,2,350
2305,384,1,2,0
2306,384,2,2,1400
2307,384,3,2,1250
2308,384,4,2,0
2309,384,5,2,995
2310,384,6,2,650
2311,385,1,2,1650
2312,385,2,2,1650
2313,385,3,2,0
2314,385,4,2,0
2315,385,5,2,0
2316,385,6,2,750
2317,386,1,2,0
2318,386,2,2,1480
2319,386,3,2,1400
2320,386,4,2,1700
2321,386,5,2,0
2322,386,6,2,500
2323,387,1,2,1375
2324,387,2,2,0
2325,387,3,2,0
2326,387,4,2,1300
2327,387,5,2,0
2328,387,6,2,225
2329,388,1,2,0
2330,388,2,2,1400
2331,388,3,2,0
2332,388,4,2,0
2333,388,5,2,900
2334,388,6,2,575
2335,389,1,2,650
2336,389,2,2,0
2337,389,3,2,150
2338,389,4,2,500
2339,389,5,2,0
2340,389,6,2,0
2341,390,1,2,500
2342,390,2,2,375
2343,390,3,2,0
2344,390,4,2,0
2345,390,5,2,0
2346,390,6,2,0
2347,391,1,2,0
2348,391,2,2,315
2349,391,3,2,0
2350,391,4,2,0
2351,391,5,2,0
2352,391,6,2,0
2353,392,1,2,650
2354,392,2,2,0
2355,392,3,2,310
2356,392,4,2,560
2357,392,5,2,0
2358,392,6,2,0
2359,393,1,2,105
2360,393,2,2,0
2361,393,3,2,0
2362,393,4,2,315
2363,393,5,2,0
2364,393,6,2,0
2365,394,1,2,0
2366,394,2,2,300
2367,394,3,2,0
2368,394,4,2,0
2369,394,5,2,0
2370,394,6,2,0
2371,395,1,2,0
2372,395,2,2,530
2373,395,3,2,0
2374,395,4,2,0
2375,395,5,2,550
2376,395,6,2,0
2377,396,1,2,480
2378,396,2,2,0
2379,396,3,2,335
2380,396,4,2,0
2381,396,5,2,0
2382,396,6,2,0
2383,397,1,2,0
2384,397,2,2,560
2385,397,3,2,0
2386,397,4,2,0
2387,397,5,2,300
2388,397,6,2,0
2389,398,1,2,0
2390,398,2,2,250
2391,398,3,2,0
2392,398,4,2,0
2393,398,5,2,0
2394,398,6,2,0
2395,399,1,2,0
2396,399,2,2,550
2397,399,3,2,0
2398,399,4,2,0
2399,399,5,2,250
2400,399,6,2,0
2401,400,1,2,625
2402,400,2,2,675
2403,400,3,2,630
2404,400,4,2,0
2405,400,5,2,450
2406,400,6,2,0
2407,401,1,2,0
2408,401,2,2,375
2409,401,3,2,0
2410,401,4,2,0
2411,401,5,2,0
2412,401,6,2,0
2413,402,1,2,0
2414,402,2,2,350
2415,402,3,2,0
2416,402,4,2,0
2417,402,5,2,0
2418,402,6,2,0
2419,403,1,2,325
2420,403,2,2,0
2421,403,3,2,0
2422,403,4,2,260
2423,403,5,2,0
2424,403,6,2,0
2425,404,1,2,325
2426,404,2,2,0
2427,404,3,2,0
2428,404,4,2,260
2429,404,5,2,0
2430,404,6,2,0
2431,405,1,2,0
2432,405,2,2,380
2433,405,3,2,0
2434,405,4,2,0
2435,405,5,2,0
2436,405,6,2,0
2437,406,1,2,0
2438,406,2,2,350
2439,406,3,2,0
2440,406,4,2,0
2441,406,5,2,0
2442,406,6,2,0
2443,407,1,2,280
2444,407,2,2,0
2445,407,3,2,0
2446,407,4,2,370
2447,407,5,2,0
2448,407,6,2,0
2449,408,1,2,730
2450,408,2,2,830
2451,408,3,2,450
2452,408,4,2,0
2453,408,5,2,0
2454,408,6,2,0
2455,409,1,2,0
2456,409,2,2,1550
2457,409,3,2,1400
2458,409,4,2,0
2459,409,5,2,875
2460,409,6,2,0
2461,410,1,2,0
2462,410,2,2,900
2463,410,3,2,550
2464,410,4,2,0
2465,410,5,2,600
2466,410,6,2,0
2467,411,1,2,360
2468,411,2,2,465
2469,411,3,2,0
2470,411,4,2,0
2471,411,5,2,0
2472,411,6,2,0
2473,412,1,2,0
2474,412,2,2,290
2475,412,3,2,0
2476,412,4,2,0
2477,412,5,2,0
2478,412,6,2,0
2479,413,1,2,350
2480,413,2,2,0
2481,413,3,2,0
2482,413,4,2,0
2483,413,5,2,0
2484,413,6,2,0
2485,414,1,2,0
2486,414,2,2,0
2487,414,3,2,0
2488,414,4,2,550
2489,414,5,2,0
2490,414,6,2,0
2491,415,1,2,525
2492,415,2,2,375
2493,415,3,2,0
2494,415,4,2,575
2495,415,5,2,0
2496,415,6,2,0
2497,416,1,2,0
2498,416,2,2,215
2499,416,3,2,0
2500,416,4,2,0
2501,416,5,2,0
2502,416,6,2,0
2503,417,1,2,0
2504,417,2,2,770
2505,417,3,2,0
2506,417,4,2,0
2507,417,5,2,0
2508,417,6,2,0
2509,418,1,2,0
2510,418,2,2,600
2511,418,3,2,0
2512,418,4,2,0
2513,418,5,2,0
2514,418,6,2,0
2515,419,1,2,0
2516,419,2,2,560
2517,419,3,2,0
2518,419,4,2,0
2519,419,5,2,0
2520,419,6,2,0
2521,420,1,2,950
2522,420,2,2,950
2523,420,3,2,0
2524,420,4,2,0
2525,420,5,2,0
2526,420,6,2,0
2527,421,1,2,950
2528,421,2,2,950
2529,421,3,2,0
2530,421,4,2,0
2531,421,5,2,590
2532,421,6,2,0
2533,422,1,2,950
2534,422,2,2,950
2535,422,3,2,0
2536,422,4,2,0
2537,422,5,2,0
2538,422,6,2,0
2539,423,1,2,700
2540,423,2,2,0
2541,423,3,2,0
2542,423,4,2,550
2543,423,5,2,0
2544,423,6,2,0
2545,424,1,2,900
2546,424,2,2,750
2547,424,3,2,0
2548,424,4,2,0
2549,424,5,2,0
2550,424,6,2,0
2551,425,1,2,0
2552,425,2,2,300
2553,425,3,2,0
2554,425,4,2,0
2555,425,5,2,0
2556,425,6,2,0
2557,426,1,2,0
2558,426,2,2,275
2559,426,3,2,0
2560,426,4,2,675
2561,426,5,2,0
2562,426,6,2,0
2563,427,1,2,450
2564,427,2,2,225
2565,427,3,2,0
2566,427,4,2,700
2567,427,5,2,0
2568,427,6,2,0
2569,428,1,2,800
2570,428,2,2,0
2571,428,3,2,0
2572,428,4,2,600
2573,428,5,2,0
2574,428,6,2,0
2575,429,1,2,350
2576,429,2,2,0
2577,429,3,2,0
2578,429,4,2,290
2579,429,5,2,0
2580,429,6,2,0
2581,430,1,2,0
2582,430,2,2,650
2583,430,3,2,600
2584,430,4,2,0
2585,430,5,2,400
2586,430,6,2,0
2587,431,1,2,1150
2588,431,2,2,800
2589,431,3,2,0
2590,431,4,2,0
2591,431,5,2,0
2592,431,6,2,0
2593,432,1,2,750
2594,432,2,2,0
2595,432,3,2,320
2596,432,4,2,550
2597,432,5,2,0
2598,432,6,2,0
2599,433,1,2,750
2600,433,2,2,0
2601,433,3,2,320
2602,433,4,2,550
2603,433,5,2,0
2604,433,6,2,0
2605,434,1,2,650
2606,434,2,2,0
2607,434,3,2,0
2608,434,4,2,500
2609,434,5,2,0
2610,434,6,2,0
2611,435,1,2,650
2612,435,2,2,0
2613,435,3,2,0
2614,435,4,2,500
2615,435,5,2,0
2616,435,6,2,0
2617,436,1,2,0
2618,436,2,2,235
2619,436,3,2,0
2620,436,4,2,0
2621,436,5,2,0
2622,436,6,2,0
2623,221,1,2,750
2624,221,2,2,700
2625,221,3,2,0
2626,221,4,2,0
2627,221,5,2,0
2628,221,6,2,0
2629,437,1,3,1200
2630,437,2,3,1100
2631,437,3,3,1000
2632,437,4,3,0
2633,437,5,3,1210
2634,437,6,3,0
2635,438,1,3,305
2636,438,2,3,550
2637,438,3,3,800
2638,438,4,3,0
2639,438,5,3,850
2640,438,6,3,0
2641,439,1,3,350
2642,439,2,3,850
2643,439,3,3,850
2644,439,4,3,375
2645,439,5,3,800
2646,439,6,3,0
2647,440,1,2,0
2648,440,2,2,270
2649,440,3,2,0
2650,440,4,2,0
2651,440,5,2,700
2652,440,6,2,0
2653,441,1,2,0
2654,441,2,2,270
2655,441,3,2,0
2656,441,4,2,0
2657,441,5,2,0
2658,441,6,2,0
2659,442,1,3,1150
2660,442,2,3,680
2661,442,3,3,1300
2662,442,4,3,0
2663,442,5,3,545
2664,442,6,3,0
2665,443,1,3,0
2666,443,2,3,0
2667,443,3,3,315
2668,443,4,3,0
2669,443,5,3,0
2670,443,6,3,0
2671,444,1,3,0
2672,444,2,3,750
2673,444,3,3,775
2674,444,4,3,0
2675,444,5,3,800
2676,444,6,3,0
2677,445,1,3,0
2678,445,2,3,775
2679,445,3,3,775
2680,445,4,3,0
2681,445,5,3,800
2682,445,6,3,0
2683,446,1,3,0
2684,446,2,3,500
2685,446,3,3,0
2686,446,4,3,0
2687,446,5,3,375
2688,446,6,3,0
2689,447,1,2,0
2690,447,2,2,1400
2691,447,3,2,0
2692,447,4,2,0
2693,447,5,2,0
2694,447,6,2,650
2695,448,1,2,0
2696,448,2,2,1600
2697,448,3,2,0
2698,448,4,2,0
2699,448,5,2,1350
2700,448,6,2,825
2701,449,1,2,0
2702,449,2,2,350
2703,449,3,2,0
2704,449,4,2,0
2705,449,5,2,0
2706,449,6,2,0
2707,450,1,2,1275
2708,450,2,2,1275
2709,450,3,2,0
2710,450,4,2,1200
2711,450,5,2,0
2712,450,6,2,225
2713,451,1,2,0
2714,451,2,2,1550
2715,451,3,2,0
2716,451,4,2,1550
2717,451,5,2,0
2718,451,6,2,275
2719,452,1,2,1300
2720,452,2,2,0
2721,452,3,2,0
2722,452,4,2,1250
2723,452,5,2,0
2724,452,6,2,335
2725,453,1,2,1400
2726,453,2,2,1450
2727,453,3,2,0
2728,453,4,2,1250
2729,453,5,2,0
2730,453,6,2,250
2731,454,1,2,1650
2732,454,2,2,1550
2733,454,3,2,0
2734,454,4,2,1350
2735,454,5,2,0
2736,454,6,2,250
2737,455,1,2,1650
2738,455,2,2,1600
2739,455,3,2,0
2740,455,4,2,1650
2741,455,5,2,1150
2742,455,6,2,750
2743,456,1,2,1600
2744,456,2,2,1600
2745,456,3,2,0
2746,456,4,2,0
2747,456,5,2,0
2748,456,6,2,395
2749,457,1,2,950
2750,457,2,2,1100
2751,457,3,2,750
2752,457,4,2,0
2753,457,5,2,0
2754,457,6,2,390
2755,458,1,3,0
2756,458,2,3,1600
2757,458,3,3,1000
2758,458,4,3,1420
2759,458,5,3,1400
2760,458,6,3,0
2761,47,1,3,4200
2762,47,2,3,5200
2763,47,3,3,3600
2764,47,4,3,5800
2765,47,5,3,5000
2766,47,6,3,0
2767,459,1,3,4500
2768,459,2,3,5200
2769,459,3,3,3800
2770,459,4,3,6000
2771,459,5,3,4300
2772,459,6,3,0
2773,49,1,3,4500
2774,49,2,3,5200
2775,49,3,3,3900
2776,49,4,3,5900
2777,49,5,3,4600
2778,49,6,3,0
2779,460,1,3,800
2780,460,2,3,950
2781,460,3,3,515
2782,460,4,3,0
2783,460,5,3,0
2784,460,6,3,0
2785,461,1,3,0
2786,461,2,3,0
2787,461,3,3,1000
2788,461,4,3,1550
2789,461,5,3,0
2790,461,6,3,0
2791,462,1,3,1600
2792,462,2,3,1600
2793,462,3,3,1000
2794,462,4,3,1350
2795,462,5,3,1400
2796,462,6,3,0
2797,463,1,3,0
2798,463,2,3,1600
2799,463,3,3,1000
2800,463,4,3,1420
2801,463,5,3,1400
2802,463,6,3,0
2803,464,1,3,1600
2804,464,2,3,1600
2805,464,3,3,1000
2806,464,4,3,1400
2807,464,5,3,1400
2808,464,6,3,0
2809,1,1,3,800
2810,1,2,3,280
2811,1,3,3,0
2812,1,4,3,0
2813,1,5,3,0
2814,1,6,3,0
2815,465,1,3,1150
2816,465,2,3,800
2817,465,3,3,775
2818,465,4,3,0
2819,465,5,3,700
2820,465,6,3,0
2821,466,1,3,0
2822,466,2,3,750
2823,466,3,3,775
2824,466,4,3,0
2825,466,5,3,0
2826,466,6,3,0
2827,467,1,3,315
2828,467,2,3,0
2829,467,3,3,0
2830,467,4,3,375
2831,467,5,3,0
2832,467,6,3,0
2833,468,1,3,340
2834,468,2,3,0
2835,468,3,3,0
2836,468,4,3,375
2837,468,5,3,0
2838,468,6,3,0
2839,469,1,3,315
2840,469,2,3,0
2841,469,3,3,0
2842,469,4,3,375
2843,469,5,3,0
2844,469,6,3,0
2845,470,1,3,375
2846,470,2,3,850
2847,470,3,3,850
2848,470,4,3,450
2849,470,5,3,800
2850,470,6,3,0
2851,48,1,3,4550
2852,48,2,3,5550
2853,48,3,3,3950
2854,48,4,3,5700
2855,48,5,3,5350
2856,48,6,3,0
2857,471,1,3,1800
2858,471,2,3,1400
2859,471,3,3,800
2860,471,4,3,0
2861,471,5,3,800
2862,471,6,3,0
2863,472,1,3,850
2864,472,2,3,550
2865,472,3,3,900
2866,472,4,3,0
2867,472,5,3,325
2868,472,6,3,0
2869,473,1,3,0
2870,473,2,3,500
2871,473,3,3,0
2872,473,4,3,0
2873,473,5,3,220
2874,473,6,3,0
2875,474,1,3,850
2876,474,2,3,600
2877,474,3,3,0
2878,474,4,3,0
2879,474,5,3,375
2880,474,6,3,0
2881,475,1,3,500
2882,475,2,3,900
2883,475,3,3,400
2884,475,4,3,610
2885,475,5,3,850
2886,475,6,3,0
2887,476,1,3,0
2888,476,2,3,340
2889,476,3,3,0
2890,476,4,3,0
2891,476,5,3,0
2892,476,6,3,0
2893,477,1,3,0
2894,477,2,3,650
2895,477,3,3,0
2896,477,4,3,0
2897,477,5,3,575
2898,477,6,3,0
2899,478,1,3,800
2900,478,2,3,550
2901,478,3,3,1000
2902,478,4,3,0
2903,478,5,3,575
2904,478,6,3,0
2905,479,1,3,1200
2906,479,2,3,700
2907,479,3,3,1300
2908,479,4,3,0
2909,479,5,3,575
2910,479,6,3,0
2911,480,1,3,0
2912,480,2,3,1400
2913,480,3,3,1400
2914,480,4,3,0
2915,480,5,3,1200
2916,480,6,3,0
2917,154,1,3,900
2918,154,2,3,435
2919,154,3,3,1400
2920,154,4,3,0
2921,154,5,3,900
2922,154,6,3,0
2923,7,1,3,0
2924,7,2,3,250
2925,7,3,3,0
2926,7,4,3,0
2927,7,5,3,0
2928,7,6,3,0
2929,481,1,3,0
2930,481,2,3,0
2931,481,3,3,600
2932,481,4,3,0
2933,481,5,3,0
2934,481,6,3,0
2935,482,1,3,0
2936,482,2,3,310
2937,482,3,3,0
2938,482,4,3,0
2939,482,5,3,0
2940,482,6,3,0
2941,483,1,3,0
2942,483,2,3,525
2943,483,3,3,0
2944,483,4,3,0
2945,483,5,3,550
2946,483,6,3,0
2947,484,1,3,415
2948,484,2,3,500
2949,484,3,3,900
2950,484,4,3,0
2951,484,5,3,850
2952,484,6,3,0
2953,485,1,3,750
2954,485,2,3,490
2955,485,3,3,1000
2956,485,4,3,0
2957,485,5,3,500
2958,485,6,3,0
2959,486,1,3,750
2960,486,2,3,450
2961,486,3,3,900
2962,486,4,3,0
2963,486,5,3,390
2964,486,6,3,0
2965,487,1,3,750
2966,487,2,3,450
2967,487,3,3,0
2968,487,4,3,0
2969,487,5,3,450
2970,487,6,3,0
2971,488,1,3,1800
2972,488,2,3,1600
2973,488,3,3,1200
2974,488,4,3,1600
2975,488,5,3,1400
2976,488,6,3,0
2977,489,1,3,0
2978,489,2,3,435
2979,489,3,3,1300
2980,489,4,3,0
2981,489,5,3,0
2982,489,6,3,0
2983,490,1,3,800
2984,490,2,3,310
2985,490,3,3,0
2986,490,4,3,0
2987,490,5,3,0
2988,490,6,3,0
2989,491,1,3,0
2990,491,2,3,435
2991,491,3,3,0
2992,491,4,3,0
2993,491,5,3,800
2994,491,6,3,0
2995,492,1,3,700
2996,492,2,3,750
2997,492,3,3,750
2998,492,4,3,0
2999,492,5,3,600
3000,492,6,3,0
3001,493,1,3,0
3002,493,2,3,0
3003,493,3,3,515
3004,493,4,3,550
3005,493,5,3,0
3006,493,6,3,0
3007,494,1,3,800
3008,494,2,3,0
3009,494,3,3,0
3010,494,4,3,525
3011,494,5,3,0
3012,494,6,3,0
3013,495,1,3,800
3014,495,2,3,1250
3015,495,3,3,330
3016,495,4,3,0
3017,495,5,3,1000
3018,495,6,3,0
3019,496,1,3,0
3020,496,2,3,0
3021,496,3,3,315
3022,496,4,3,550
3023,496,5,3,0
3024,496,6,3,0
3025,497,1,3,0
3026,497,2,3,0
3027,497,3,3,515
3028,497,4,3,625
3029,497,5,3,0
3030,497,6,3,0
3031,498,1,3,0
3032,498,2,3,0
3033,498,3,3,330
3034,498,4,3,550
3035,498,5,3,0
3036,498,6,3,0
3037,499,1,3,0
3038,499,2,3,0
3039,499,3,3,130
3040,499,4,3,500
3041,499,5,3,0
3042,499,6,3,0
3043,500,1,3,0
3044,500,2,3,490
3045,500,3,3,0
3046,500,4,3,0
3047,500,5,3,0
3048,500,6,3,0
3049,501,1,3,0
3050,501,2,3,380
3051,501,3,3,0
3052,501,4,3,600
3053,501,5,3,700
3054,501,6,3,0
3055,502,1,3,2000
3056,502,2,3,1650
3057,502,3,3,1500
3058,502,4,3,1800
3059,502,5,3,1250
3060,502,6,3,0
3061,503,1,3,0
3062,503,2,3,0
3063,503,3,3,1200
3064,503,4,3,0
3065,503,5,3,525
3066,503,6,3,0
3067,504,1,3,415
3068,504,2,3,0
3069,504,3,3,0
3070,504,4,3,560
3071,504,5,3,0
3072,504,6,3,0
3073,505,1,3,0
3074,505,2,3,650
3075,505,3,3,0
3076,505,4,3,0
3077,505,5,3,650
3078,505,6,3,0
3079,506,1,3,285
3080,506,2,3,0
3081,506,3,3,0
3082,506,4,3,250
3083,506,5,3,0
3084,506,6,3,0
3085,507,1,3,285
3086,507,2,3,0
3087,507,3,3,0
3088,507,4,3,250
3089,507,5,3,0
3090,507,6,3,0
3091,508,1,3,0
3092,508,2,3,800
3093,508,3,3,0
3094,508,4,3,0
3095,508,5,3,475
3096,508,6,3,0
3097,509,1,3,0
3098,509,2,3,725
3099,509,3,3,0
3100,509,4,3,0
3101,509,5,3,425
3102,509,6,3,0
3103,510,1,3,0
3104,510,2,3,750
3105,510,3,3,0
3106,510,4,3,0
3107,510,5,3,550
3108,510,6,3,0
3109,511,1,3,295
3110,511,2,3,0
3111,511,3,3,0
3112,511,4,3,250
3113,511,5,3,0
3114,511,6,3,0
3115,512,1,3,0
3116,512,2,3,450
3117,512,3,3,0
3118,512,4,3,0
3119,512,5,3,500
3120,512,6,3,0
3121,513,1,3,800
3122,513,2,3,0
3123,513,3,3,0
3124,513,4,3,800
3125,513,5,3,0
3126,513,6,3,0
3127,514,1,3,350
3128,514,2,3,0
3129,514,3,3,0
3130,514,4,3,270
3131,514,5,3,0
3132,514,6,3,0
3133,515,1,3,1600
3134,515,2,3,1600
3135,515,3,3,1150
3136,515,4,3,1350
3137,515,5,3,1400
3138,515,6,3,0
3139,516,1,3,1800
3140,516,2,3,1400
3141,516,3,3,1200
3142,516,4,3,1200
3143,516,5,3,800
3144,516,6,3,0
3145,517,1,3,0
3146,517,2,3,0
3147,517,3,3,850
3148,517,4,3,1000
3149,517,5,3,0
3150,517,6,3,0
3151,518,1,3,1500
3152,518,2,3,1600
3153,518,3,3,0
3154,518,4,3,1200
3155,518,5,3,0
3156,518,6,3,0
3157,519,1,3,0
3158,519,2,3,1200
3159,519,3,3,0
3160,519,4,3,1150
3161,519,5,3,0
3162,519,6,3,0
3163,520,1,3,0
3164,520,2,3,1450
3165,520,3,3,0
3166,520,4,3,1350
3167,520,5,3,0
3168,520,6,3,0
3169,521,1,3,0
3170,521,2,3,1350
3171,521,3,3,1300
3172,521,4,3,1150
3173,521,5,3,0
3174,521,6,3,0
3175,522,1,3,0
3176,522,2,3,0
3177,522,3,3,0
3178,522,4,3,1500
3179,522,5,3,0
3180,522,6,3,0
3181,523,1,3,0
3182,523,2,3,1450
3183,523,3,3,1000
3184,523,4,3,1350
3185,523,5,3,0
3186,523,6,3,0
3187,524,1,3,0
3188,524,2,3,1450
3189,524,3,3,1000
3190,524,4,3,1450
3191,524,5,3,0
3192,524,6,3,0
3193,525,1,3,285
3194,525,2,3,0
3195,525,3,3,0
3196,525,4,3,250
3197,525,5,3,0
3198,525,6,3,0
3199,526,1,3,325
3200,526,2,3,800
3201,526,3,3,0
3202,526,4,3,120
3203,526,5,3,0
3204,526,6,3,0
3205,527,1,3,325
3206,527,2,3,800
3207,527,3,3,0
3208,527,4,3,135
3209,527,5,3,0
3210,527,6,3,0
3211,528,1,3,300
3212,528,2,3,0
3213,528,3,3,0
3214,528,4,3,250
3215,528,5,3,0
3216,528,6,3,0
3217,529,1,3,310
3218,529,2,3,900
3219,529,3,3,900
3220,529,4,3,250
3221,529,5,3,0
3222,529,6,3,0
3223,530,1,3,320
3224,530,2,3,850
3225,530,3,3,0
3226,530,4,3,375
3227,530,5,3,0
3228,530,6,3,0
3229,531,1,3,0
3230,531,2,3,625
3231,531,3,3,0
3232,531,4,3,0
3233,531,5,3,300
3234,531,6,3,0
3235,532,1,3,0
3236,532,2,3,500
3237,532,3,3,0
3238,532,4,3,0
3239,532,5,3,380
3240,532,6,3,0
3241,533,1,3,0
3242,533,2,3,625
3243,533,3,3,605
3244,533,4,3,0
3245,533,5,3,550
3246,533,6,3,0
3247,534,1,3,535
3248,534,2,3,500
3249,534,3,3,0
3250,534,4,3,0
3251,534,5,3,475
3252,534,6,3,0
3253,535,1,3,535
3254,535,2,3,500
3255,535,3,3,0
3256,535,4,3,0
3257,535,5,3,475
3258,535,6,3,0
3259,536,1,3,475
3260,536,2,3,0
3261,536,3,3,350
3262,536,4,3,500
3263,536,5,3,0
3264,536,6,3,0
3265,102,1,3,0
3266,102,2,3,450
3267,102,3,3,0
3268,102,4,3,0
3269,102,5,3,950
3270,102,6,3,0
3271,188,1,3,0
3272,188,2,3,370
3273,188,3,3,0
3274,188,4,3,0
3275,188,5,3,0
3276,188,6,3,0
3277,537,1,3,1200
3278,537,2,3,1000
3279,537,3,3,1400
3280,537,4,3,0
3281,537,5,3,650
3282,537,6,3,0
3283,538,1,3,800
3284,538,2,3,575
3285,538,3,3,1000
3286,538,4,3,0
3287,538,5,3,575
3288,538,6,3,0
3289,539,1,3,1000
3290,539,2,3,700
3291,539,3,3,775
3292,539,4,3,0
3293,539,5,3,665
3294,539,6,3,0
3295,540,1,3,0
3296,540,2,3,1250
3297,540,3,3,1150
3298,540,4,3,1100
3299,540,5,3,0
3300,540,6,3,0
3301,541,1,3,0
3302,541,2,3,1600
3303,541,3,3,1100
3304,541,4,3,1350
3305,541,5,3,0
3306,541,6,3,0
3307,542,1,3,0
3308,542,2,3,255
3309,542,3,3,0
3310,542,4,3,0
3311,542,5,3,0
3312,542,6,3,0
3313,543,1,3,0
3314,543,2,3,400
3315,543,3,3,0
3316,543,4,3,0
3317,543,5,3,0
3318,543,6,3,0
3319,544,1,3,400
3320,544,2,3,450
3321,544,3,3,0
3322,544,4,3,0
3323,544,5,3,0
3324,544,6,3,0
3325,545,1,3,370
3326,545,2,3,450
3327,545,3,3,0
3328,545,4,3,0
3329,545,5,3,0
3330,545,6,3,0
3331,546,1,3,315
3332,546,2,3,430
3333,546,3,3,0
3334,546,4,3,0
3335,546,5,3,0
3336,546,6,3,0
3337,547,1,3,0
3338,547,2,3,1350
3339,547,3,3,1200
3340,547,4,3,0
3341,547,5,3,0
3342,547,6,3,0
3343,548,1,3,0
3344,548,2,3,1350
3345,548,3,3,1200
3346,548,4,3,0
3347,548,5,3,0
3348,548,6,3,0
3349,549,1,3,0
3350,549,2,3,225
3351,549,3,3,0
3352,549,4,3,0
3353,549,5,3,0
3354,549,6,3,0
3355,550,1,3,0
3356,550,2,3,450
3357,550,3,3,0
3358,550,4,3,0
3359,550,5,3,500
3360,550,6,3,0
3361,551,1,3,0
3362,551,2,3,450
3363,551,3,3,0
3364,551,4,3,0
3365,551,5,3,500
3366,551,6,3,0
3367,552,1,3,0
3368,552,2,3,450
3369,552,3,3,0
3370,552,4,3,0
3371,552,5,3,500
3372,552,6,3,0
3373,553,1,3,250
3374,553,2,3,0
3375,553,3,3,0
3376,553,4,3,410
3377,553,5,3,0
3378,553,6,3,0
3379,554,1,3,535
3380,554,2,3,800
3381,554,3,3,0
3382,554,4,3,550
3383,554,5,3,0
3384,554,6,3,0
3385,555,1,3,430
3386,555,2,3,600
3387,555,3,3,700
3388,555,4,3,500
3389,555,5,3,0
3390,555,6,3,0
3391,556,1,3,0
3392,556,2,3,0
3393,556,3,3,300
3394,556,4,3,550
3395,556,5,3,0
3396,556,6,3,0
3397,557,1,3,0
3398,557,2,3,0
3399,557,3,3,375
3400,557,4,3,675
3401,557,5,3,0
3402,557,6,3,0
3403,558,1,3,0
3404,558,2,3,0
3405,558,3,3,300
3406,558,4,3,515
3407,558,5,3,0
3408,558,6,3,0
3409,559,1,3,0
3410,559,2,3,1400
3411,559,3,3,0
3412,559,4,3,0
3413,559,5,3,800
3414,559,6,3,0
3415,80,1,3,0
3416,80,2,3,475
3417,80,3,3,0
3418,80,4,3,0
3419,80,5,3,0
3420,80,6,3,0
3421,560,1,3,0
3422,560,2,3,375
3423,560,3,3,0
3424,560,4,3,0
3425,560,5,3,0
3426,560,6,3,0
3427,561,1,3,0
3428,561,2,3,375
3429,561,3,3,0
3430,561,4,3,0
3431,561,5,3,0
3432,561,6,3,0
3433,562,1,3,0
3434,562,2,3,1600
3435,562,3,3,1400
3436,562,4,3,1600
3437,562,5,3,0
3438,562,6,3,0
3439,563,1,3,370
3440,563,2,3,0
3441,563,3,3,0
3442,563,4,3,550
3443,563,5,3,0
3444,563,6,3,0
3445,564,1,3,0
3446,564,2,3,1550
3447,564,3,3,0
3448,564,4,3,1450
3449,564,5,3,0
3450,564,6,3,0
3451,565,1,3,625
3452,565,2,3,675
3453,565,3,3,630
3454,565,4,3,0
3455,565,5,3,450
3456,565,6,3,0
3457,84,1,3,0
3458,84,2,3,175
3459,84,3,3,0
3460,84,4,3,0
3461,84,5,3,0
3462,84,6,3,0
3463,566,1,3,0
3464,566,2,3,350
3465,566,3,3,0
3466,566,4,3,0
3467,566,5,3,0
3468,566,6,3,0
3469,567,1,3,3000
3470,567,2,3,2800
3471,567,3,3,2310
3472,567,4,3,3800
3473,567,5,3,2600
3474,567,6,3,0
3475,568,1,3,650
3476,568,2,3,900
3477,568,3,3,525
3478,568,4,3,0
3479,568,5,3,650
3480,568,6,3,0
3481,569,1,3,0
3482,569,2,3,1450
3483,569,3,3,1100
3484,569,4,3,1450
3485,569,5,3,0
3486,569,6,3,0
3487,570,1,3,0
3488,570,2,3,1250
3489,570,3,3,1300
3490,570,4,3,1350
3491,570,5,3,0
3492,570,6,3,0
3493,571,1,3,0
3494,571,2,3,1250
3495,571,3,3,1000
3496,571,4,3,1200
3497,571,5,3,0
3498,571,6,3,0
3499,572,1,3,1150
3500,572,2,3,800
3501,572,3,3,770
3502,572,4,3,0
3503,572,5,3,900
3504,572,6,3,0
3505,573,1,3,0
3506,573,2,3,340
3507,573,3,3,0
3508,573,4,3,0
3509,573,5,3,0
3510,573,6,3,0
3511,574,1,3,325
3512,574,2,3,800
3513,574,3,3,0
3514,574,4,3,120
3515,574,5,3,0
3516,574,6,3,0
3517,575,1,3,310
3518,575,2,3,900
3519,575,3,3,900
3520,575,4,3,250
3521,575,5,3,0
3522,575,6,3,0
3523,576,1,3,375
3524,576,2,3,0
3525,576,3,3,0
3526,576,4,3,380
3527,576,5,3,0
3528,576,6,3,0
3529,577,1,3,310
3530,577,2,3,750
3531,577,3,3,0
3532,577,4,3,270
3533,577,5,3,0
3534,577,6,3,0
3535,578,1,3,320
3536,578,2,3,0
3537,578,3,3,0
3538,578,4,3,250
3539,578,5,3,0
3540,578,6,3,0
3541,579,1,3,315
3542,579,2,3,0
3543,579,3,3,0
3544,579,4,3,275
3545,579,5,3,0
3546,579,6,3,0
3547,580,1,3,125
3548,580,2,3,0
3549,580,3,3,0
3550,580,4,3,375
3551,580,5,3,0
3552,580,6,3,0
3553,581,1,3,310
3554,581,2,3,0
3555,581,3,3,0
3556,581,4,3,370
3557,581,5,3,0
3558,581,6,3,0
3559,582,1,3,850
3560,582,2,3,550
3561,582,3,3,900
3562,582,4,3,0
3563,582,5,3,325
3564,582,6,3,0
3565,583,1,3,0
3566,583,2,3,650
3567,583,3,3,0
3568,583,4,3,0
3569,583,5,3,300
3570,583,6,3,0
3571,584,1,3,0
3572,584,2,3,550
3573,584,3,3,0
3574,584,4,3,0
3575,584,5,3,250
3576,584,6,3,0
3577,585,1,3,0
3578,585,2,3,600
3579,585,3,3,900
3580,585,4,3,0
3581,585,5,3,575
3582,585,6,3,0
3583,586,1,3,0
3584,586,2,3,750
3585,586,3,3,500
3586,586,4,3,0
3587,586,5,3,550
3588,586,6,3,0
3589,587,1,3,0
3590,587,2,3,490
3591,587,3,3,800
3592,587,4,3,0
3593,587,5,3,390
3594,587,6,3,0
3595,588,1,3,550
3596,588,2,3,0
3597,588,3,3,350
3598,588,4,3,0
3599,588,5,3,0
3600,588,6,3,0
3601,589,1,3,0
3602,589,2,3,340
3603,589,3,3,0
3604,589,4,3,0
3605,589,5,3,0
3606,589,6,3,0
3607,131,1,3,0
3608,131,2,3,375
3609,131,3,3,0
3610,131,4,3,0
3611,131,5,3,0
3612,131,6,3,0
3613,132,1,3,0
3614,132,2,3,350
3615,132,3,3,0
3616,132,4,3,0
3617,132,5,3,0
3618,132,6,3,0
3619,590,1,3,800
3620,590,2,3,550
3621,590,3,3,1000
3622,590,4,3,0
3623,590,5,3,575
3624,590,6,3,0
3625,591,1,3,0
3626,591,2,3,680
3627,591,3,3,0
3628,591,4,3,0
3629,591,5,3,390
3630,591,6,3,0
3631,592,1,3,500
3632,592,2,3,0
3633,592,3,3,525
3634,592,4,3,580
3635,592,5,3,0
3636,592,6,3,0
3637,593,1,3,600
3638,593,2,3,650
3639,593,3,3,700
3640,593,4,3,0
3641,593,5,3,475
3642,593,6,3,0
3643,5,1,3,800
3644,5,2,3,280
3645,5,3,3,0
3646,5,4,3,0
3647,5,5,3,0
3648,5,6,3,0
3649,594,1,3,0
3650,594,2,3,590
3651,594,3,3,0
3652,594,4,3,0
3653,594,5,3,350
3654,594,6,3,0
3655,595,1,3,1700
3656,595,2,3,1400
3657,595,3,3,1400
3658,595,4,3,0
3659,595,5,3,1100
3660,595,6,3,0
3661,6,1,3,0
3662,6,2,3,250
3663,6,3,3,0
3664,6,4,3,0
3665,6,5,3,0
3666,6,6,3,0
3667,133,1,3,0
3668,133,2,3,195
3669,133,3,3,0
3670,133,4,3,0
3671,133,5,3,0
3672,133,6,3,0
3673,134,1,3,450
3674,134,2,3,200
3675,134,3,3,0
3676,134,4,3,0
3677,134,5,3,0
3678,134,6,3,0
3679,596,1,3,0
3680,596,2,3,275
3681,596,3,3,0
3682,596,4,3,0
3683,596,5,3,0
3684,596,6,3,0
3685,597,1,3,365
3686,597,2,3,500
3687,597,3,3,900
3688,597,4,3,550
3689,597,5,3,850
3690,597,6,3,0
3691,598,1,3,415
3692,598,2,3,450
3693,598,3,3,0
3694,598,4,3,0
3695,598,5,3,0
3696,598,6,3,0
3697,599,1,3,750
3698,599,2,3,490
3699,599,3,3,1000
3700,599,4,3,0
3701,599,5,3,500
3702,599,6,3,0
3703,600,1,3,750
3704,600,2,3,880
3705,600,3,3,450
3706,600,4,3,0
3707,600,5,3,600
3708,600,6,3,0
3709,601,1,3,0
3710,601,2,3,0
3711,601,3,3,450
3712,601,4,3,600
3713,601,5,3,0
3714,601,6,3,0
3715,602,1,3,800
3716,602,2,3,410
3717,602,3,3,1200
3718,602,4,3,0
3719,602,5,3,600
3720,602,6,3,0
3721,603,1,3,0
3722,603,2,3,225
3723,603,3,3,0
3724,603,4,3,0
3725,603,5,3,0
3726,603,6,3,0
3727,604,1,3,0
3728,604,2,3,330
3729,604,3,3,0
3730,604,4,3,0
3731,604,5,3,0
3732,604,6,3,0
3733,605,1,3,280
3734,605,2,3,575
3735,605,3,3,0
3736,605,4,3,0
3737,605,5,3,0
3738,605,6,3,0
3739,606,1,3,0
3740,606,2,3,0
3741,606,3,3,300
3742,606,4,3,675
3743,606,5,3,0
3744,606,6,3,0
3745,607,1,3,470
3746,607,2,3,750
3747,607,3,3,650
3748,607,4,3,0
3749,607,5,3,850
3750,607,6,3,0
3751,608,1,3,425
3752,608,2,3,0
3753,608,3,3,0
3754,608,4,3,650
3755,608,5,3,0
3756,608,6,3,0
3757,609,1,3,425
3758,609,2,3,0
3759,609,3,3,0
3760,609,4,3,550
3761,609,5,3,0
3762,609,6,3,0
3763,610,1,3,0
3764,610,2,3,0
3765,610,3,3,800
3766,610,4,3,1150
3767,610,5,3,0
3768,610,6,3,0
3769,611,1,3,1600
3770,611,2,3,0
3771,611,3,3,1000
3772,611,4,3,1600
3773,611,5,3,1400
3774,611,6,3,0
3775,612,1,3,1300
3776,612,2,3,0
3777,612,3,3,0
3778,612,4,3,1150
3779,612,5,3,0
3780,612,6,3,0
3781,613,1,3,0
3782,613,2,3,1450
3783,613,3,3,1000
3784,613,4,3,1275
3785,613,5,3,0
3786,613,6,3,0
3787,614,1,3,0
3788,614,2,3,1550
3789,614,3,3,0
3790,614,4,3,1450
3791,614,5,3,0
3792,614,6,3,0
3793,615,1,3,0
3794,615,2,3,340
3795,615,3,3,0
3796,615,4,3,0
3797,615,5,3,0
3798,615,6,3,0
3799,616,1,3,450
3800,616,2,3,575
3801,616,3,3,750
3802,616,4,3,550
3803,616,5,3,0
3804,616,6,3,0
3805,617,1,3,0
3806,617,2,3,0
3807,617,3,3,525
3808,617,4,3,725
3809,617,5,3,0
3810,617,6,3,0
3811,618,1,3,800
3812,618,2,3,1000
3813,618,3,3,315
3814,618,4,3,500
3815,618,5,3,850
3816,618,6,3,0
3817,619,1,3,0
3818,619,2,3,0
3819,619,3,3,280
3820,619,4,3,550
3821,619,5,3,0
3822,619,6,3,0
3823,620,1,3,0
3824,620,2,3,0
3825,620,3,3,0
3826,620,4,3,0
3827,620,5,3,0
3828,620,6,3,0
3829,621,1,3,0
3830,621,2,3,490
3831,621,3,3,0
3832,621,4,3,0
3833,621,5,3,0
3834,621,6,3,0
3835,622,1,3,2000
3836,622,2,3,1600
3837,622,3,3,1400
3838,622,4,3,1550
3839,622,5,3,1200
3840,622,6,3,0
3841,623,1,3,0
3842,623,2,3,1600
3843,623,3,3,1400
3844,623,4,3,1750
3845,623,5,3,1200
3846,623,6,3,0
3847,624,1,3,700
3848,624,2,3,560
3849,624,3,3,900
3850,624,4,3,0
3851,624,5,3,600
3852,624,6,3,0
3853,625,1,3,500
3854,625,2,3,500
3855,625,3,3,0
3856,625,4,3,0
3857,625,5,3,475
3858,625,6,3,0
3859,210,1,3,325
3860,210,2,3,0
3861,210,3,3,0
3862,210,4,3,260
3863,210,5,3,0
3864,210,6,3,0
3865,626,1,3,0
3866,626,2,3,450
3867,626,3,3,0
3868,626,4,3,0
3869,626,5,3,0
3870,626,6,3,0
3871,627,1,3,0
3872,627,2,3,650
3873,627,3,3,0
3874,627,4,3,0
3875,627,5,3,650
3876,627,6,3,0
3877,628,1,3,0
3878,628,2,3,375
3879,628,3,3,0
3880,628,4,3,0
3881,628,5,3,0
3882,628,6,3,0
3883,629,1,3,0
3884,629,2,3,450
3885,629,3,3,0
3886,629,4,3,0
3887,629,5,3,0
3888,629,6,3,0
3889,630,1,3,415
3890,630,2,3,0
3891,630,3,3,0
3892,630,4,3,250
3893,630,5,3,0
3894,630,6,3,0
3895,631,1,3,0
3896,631,2,3,770
3897,631,3,3,0
3898,631,4,3,0
3899,631,5,3,550
3900,631,6,3,0
3901,632,1,3,0
3902,632,2,3,770
3903,632,3,3,0
3904,632,4,3,0
3905,632,5,3,0
3906,632,6,3,0
3907,223,1,3,1000
3908,223,2,3,700
3909,223,3,3,0
3910,223,4,3,0
3911,223,5,3,0
3912,223,6,3,0
3913,633,1,3,575
3914,633,2,3,550
3915,633,3,3,0
3916,633,4,3,0
3917,633,5,3,0
3918,633,6,3,0
3919,634,1,3,575
3920,634,2,3,550
3921,634,3,3,0
3922,634,4,3,0
3923,634,5,3,0
3924,634,6,3,0
3925,635,1,3,305
3926,635,2,3,550
3927,635,3,3,0
3928,635,4,3,0
3929,635,5,3,0
3930,635,6,3,0
3931,636,1,3,310
3932,636,2,3,750
3933,636,3,3,0
3934,636,4,3,270
3935,636,5,3,0
3936,636,6,3,0
3937,637,1,3,310
3938,637,2,3,750
3939,637,3,3,0
3940,637,4,3,270
3941,637,5,3,0
3942,637,6,3,0
3943,638,1,3,0
3944,638,2,3,225
3945,638,3,3,0
3946,638,4,3,0
3947,638,5,3,0
3948,638,6,3,0
3949,639,1,3,950
3950,639,2,3,0
3951,639,3,3,0
3952,639,4,3,1000
3953,639,5,3,0
3954,639,6,3,0
3955,640,1,3,800
3956,640,2,3,1000
3957,640,3,3,0
3958,640,4,3,500
3959,640,5,3,0
3960,640,6,3,0
3961,641,1,3,0
3962,641,2,3,590
3963,641,3,3,0
3964,641,4,3,0
3965,641,5,3,0
3966,641,6,3,0
3967,642,1,3,0
3968,642,2,3,225
3969,642,3,3,0
3970,642,4,3,0
3971,642,5,3,0
3972,642,6,3,0
3973,249,1,4,0
3974,249,2,4,0
3975,249,3,4,370
3976,249,4,4,800
3977,249,5,4,0
3978,249,6,4,0
3979,311,1,4,0
3980,311,2,4,1350
3981,311,3,4,0
3982,311,4,4,1200
3983,311,5,4,0
3984,311,6,4,0
3985,306,1,4,0
3986,306,2,4,1400
3987,306,3,4,0
3988,306,4,4,1250
3989,306,5,4,0
3990,306,6,4,0
3991,297,1,4,650
3992,297,2,4,490
3993,297,3,4,1000
3994,297,4,4,0
3995,297,5,4,450
3996,297,6,4,0
3997,250,1,4,0
3998,250,2,4,340
3999,250,3,4,0
4000,250,4,4,0
4001,250,5,4,0
4002,250,6,4,0
4003,305,1,4,0
4004,305,2,4,0
4005,305,3,4,600
4006,305,4,4,0
4007,305,5,4,0
4008,305,6,4,0
4009,251,1,4,800
4010,251,2,4,435
4011,251,3,4,1300
4012,251,4,4,0
4013,251,5,4,600
4014,251,6,4,0
4015,643,1,4,0
4016,643,2,4,0
4017,643,3,4,525
4018,643,4,4,720
4019,643,5,4,0
4020,643,6,4,0
4021,310,1,4,1350
4022,310,2,4,1250
4023,310,3,4,0
4024,310,4,4,1250
4025,310,5,4,0
4026,310,6,4,0
4027,252,1,4,3500
4028,252,2,4,3500
4029,252,3,4,3500
4030,252,4,4,3500
4031,252,5,4,3500
4032,252,6,4,0
4033,253,1,4,0
4034,253,2,4,750
4035,253,3,4,0
4036,253,4,4,0
4037,253,5,4,475
4038,253,6,4,0
4039,254,1,4,380
4040,254,2,4,525
4041,254,3,4,0
4042,254,4,4,0
4043,254,5,4,0
4044,254,6,4,0
4045,255,1,4,550
4046,255,2,4,550
4047,255,3,4,0
4048,255,4,4,0
4049,255,5,4,0
4050,255,6,4,0
4051,320,1,4,285
4052,320,2,4,0
4053,320,3,4,0
4054,320,4,4,375
4055,320,5,4,0
4056,320,6,4,0
4057,317,1,4,300
4058,317,2,4,0
4059,317,3,4,0
4060,317,4,4,375
4061,317,5,4,0
4062,317,6,4,0
4063,303,1,4,300
4064,303,2,4,0
4065,303,3,4,0
4066,303,4,4,375
4067,303,5,4,0
4068,303,6,4,0
4069,381,1,4,280
4070,381,2,4,0
4071,381,3,4,0
4072,381,4,4,375
4073,381,5,4,0
4074,381,6,4,0
4075,319,1,4,0
4076,319,2,4,0
4077,319,3,4,270
4078,319,4,4,550
4079,319,5,4,0
4080,319,6,4,0
4081,256,1,4,0
4082,256,2,4,195
4083,256,3,4,0
4084,256,4,4,0
4085,256,5,4,0
4086,256,6,4,0
4087,257,1,4,0
4088,257,2,4,325
4089,257,3,4,0
4090,257,4,4,0
4091,257,5,4,0
4092,257,6,4,0
4093,258,1,4,450
4094,258,2,4,0
4095,258,3,4,370
4096,258,4,4,0
4097,258,5,4,0
4098,258,6,4,0
4099,259,1,4,1700
4100,259,2,4,1400
4101,259,3,4,1400
4102,259,4,4,1600
4103,259,5,4,1200
4104,259,6,4,0
4105,260,1,4,400
4106,260,2,4,0
4107,260,3,4,550
4108,260,4,4,0
4109,260,5,4,0
4110,260,6,4,0
4111,261,1,4,1800
4112,261,2,4,1400
4113,261,3,4,1050
4114,261,4,4,0
4115,261,5,4,950
4116,261,6,4,0
4117,262,1,4,0
4118,262,2,4,380
4119,262,3,4,0
4120,262,4,4,0
4121,262,5,4,0
4122,262,6,4,0
4123,263,1,4,0
4124,263,2,4,600
4125,263,3,4,0
4126,263,4,4,0
4127,263,5,4,400
4128,263,6,4,0
4129,644,1,4,0
4130,644,2,4,275
4131,644,3,4,0
4132,644,4,4,0
4133,644,5,4,0
4134,644,6,4,0
4135,264,1,4,0
4136,264,2,4,550
4137,264,3,4,0
4138,264,4,4,0
4139,264,5,4,600
4140,264,6,4,0
4141,265,1,4,0
4142,265,2,4,500
4143,265,3,4,0
4144,265,4,4,0
4145,265,5,4,0
4146,265,6,4,0
4147,266,1,4,0
4148,266,2,4,515
4149,266,3,4,0
4150,266,4,4,0
4151,266,5,4,0
4152,266,6,4,0
4153,267,1,4,0
4154,267,2,4,1400
4155,267,3,4,0
4156,267,4,4,0
4157,267,5,4,950
4158,267,6,4,0
4159,268,1,4,0
4160,268,2,4,185
4161,268,3,4,0
4162,268,4,4,0
4163,268,5,4,0
4164,268,6,4,0
4165,269,1,4,275
4166,269,2,4,0
4167,269,3,4,0
4168,269,4,4,420
4169,269,5,4,0
4170,269,6,4,0
4171,270,1,4,350
4172,270,2,4,550
4173,270,3,4,0
4174,270,4,4,415
4175,270,5,4,0
4176,270,6,4,0
4177,271,1,4,450
4178,271,2,4,0
4179,271,3,4,0
4180,271,4,4,575
4181,271,5,4,0
4182,271,6,4,0
4183,309,1,4,0
4184,309,2,4,550
4185,309,3,4,0
4186,309,4,4,0
4187,309,5,4,175
4188,309,6,4,0
4189,272,1,4,0
4190,272,2,4,600
4191,272,3,4,0
4192,272,4,4,0
4193,272,5,4,175
4194,272,6,4,0
4195,298,1,4,0
4196,298,2,4,550
4197,298,3,4,0
4198,298,4,4,0
4199,298,5,4,200
4200,298,6,4,0
4201,273,1,4,0
4202,273,2,4,550
4203,273,3,4,0
4204,273,4,4,0
4205,273,5,4,390
4206,273,6,4,0
4207,274,1,4,0
4208,274,2,4,550
4209,274,3,4,0
4210,274,4,4,0
4211,274,5,4,390
4212,274,6,4,0
4213,275,1,4,350
4214,275,2,4,0
4215,275,3,4,0
4216,275,4,4,275
4217,275,5,4,0
4218,275,6,4,0
4219,276,1,4,0
4220,276,2,4,510
4221,276,3,4,0
4222,276,4,4,0
4223,276,5,4,0
4224,276,6,4,0
4225,313,1,4,0
4226,313,2,4,1350
4227,313,3,4,0
4228,313,4,4,1350
4229,313,5,4,1400
4230,313,6,4,0
4231,277,1,4,255
4232,277,2,4,500
4233,277,3,4,0
4234,277,4,4,450
4235,277,5,4,0
4236,277,6,4,0
4237,299,1,4,0
4238,299,2,4,450
4239,299,3,4,0
4240,299,4,4,0
4241,299,5,4,0
4242,299,6,4,0
4243,278,1,4,350
4244,278,2,4,475
4245,278,3,4,0
4246,278,4,4,0
4247,278,5,4,0
4248,278,6,4,0
4249,304,1,4,0
4250,304,2,4,0
4251,304,3,4,300
4252,304,4,4,650
4253,304,5,4,0
4254,304,6,4,0
4255,279,1,4,0
4256,279,2,4,380
4257,279,3,4,0
4258,279,4,4,0
4259,279,5,4,0
4260,279,6,4,0
4261,318,1,4,0
4262,318,2,4,0
4263,318,3,4,275
4264,318,4,4,525
4265,318,5,4,0
4266,318,6,4,0
4267,645,1,4,0
4268,645,2,4,0
4269,645,3,4,280
4270,645,4,4,550
4271,645,5,4,0
4272,645,6,4,0
4273,280,1,4,0
4274,280,2,4,625
4275,280,3,4,0
4276,280,4,4,0
4277,280,5,4,350
4278,280,6,4,0
4279,281,1,4,0
4280,281,2,4,500
4281,281,3,4,0
4282,281,4,4,0
4283,281,5,4,375
4284,281,6,4,0
4285,282,1,4,0
4286,282,2,4,780
4287,282,3,4,680
4288,282,4,4,0
4289,282,5,4,0
4290,282,6,4,0
4291,283,1,4,0
4292,283,2,4,780
4293,283,3,4,700
4294,283,4,4,0
4295,283,5,4,0
4296,283,6,4,0
4297,284,1,4,0
4298,284,2,4,600
4299,284,3,4,0
4300,284,4,4,0
4301,284,5,4,475
4302,284,6,4,0
4303,300,1,4,0
4304,300,2,4,550
4305,300,3,4,0
4306,300,4,4,0
4307,300,5,4,450
4308,300,6,4,0
4309,285,1,4,390
4310,285,2,4,0
4311,285,3,4,0
4312,285,4,4,0
4313,285,5,4,0
4314,285,6,4,0
4315,286,1,4,0
4316,286,2,4,355
4317,286,3,4,0
4318,286,4,4,0
4319,286,5,4,0
4320,286,6,4,0
4321,312,1,4,1600
4322,312,2,4,1600
4323,312,3,4,0
4324,312,4,4,1455
4325,312,5,4,0
4326,312,6,4,0
4327,287,1,4,0
4328,287,2,4,275
4329,287,3,4,0
4330,287,4,4,0
4331,287,5,4,0
4332,287,6,4,0
4333,301,1,4,0
4334,301,2,4,200
4335,301,3,4,0
4336,301,4,4,0
4337,301,5,4,0
4338,301,6,4,0
4339,288,1,4,0
4340,288,2,4,500
4341,288,3,4,0
4342,288,4,4,0
4343,288,5,4,500
4344,288,6,4,0
4345,308,1,4,0
4346,308,2,4,1600
4347,308,3,4,0
4348,308,4,4,0
4349,308,5,4,1400
4350,308,6,4,0
4351,289,1,4,0
4352,289,2,4,1175
4353,289,3,4,0
4354,289,4,4,0
4355,289,5,4,1035
4356,289,6,4,0
4357,646,1,4,0
4358,646,2,4,0
4359,646,3,4,490
4360,646,4,4,0
4361,646,5,4,0
4362,646,6,4,0
4363,290,1,4,0
4364,290,2,4,525
4365,290,3,4,0
4366,290,4,4,0
4367,290,5,4,425
4368,290,6,4,0
4369,314,1,4,1600
4370,314,2,4,1355
4371,314,3,4,0
4372,314,4,4,1280
4373,314,5,4,0
4374,314,6,4,0
4375,291,1,4,350
4376,291,2,4,0
4377,291,3,4,0
4378,291,4,4,285
4379,291,5,4,0
4380,291,6,4,0
4381,292,1,4,415
4382,292,2,4,900
4383,292,3,4,900
4384,292,4,4,0
4385,292,5,4,1300
4386,292,6,4,0
4387,423,1,4,0
4388,423,2,4,0
4389,423,3,4,330
4390,423,4,4,550
4391,423,5,4,0
4392,423,6,4,0
4393,293,1,4,650
4394,293,2,4,490
4395,293,3,4,1000
4396,293,4,4,0
4397,293,5,4,700
4398,293,6,4,0
4399,315,1,4,1600
4400,315,2,4,1600
4401,315,3,4,1000
4402,315,4,4,1450
4403,315,5,4,1400
4404,315,6,4,0
4405,316,1,4,1600
4406,316,2,4,1600
4407,316,3,4,1000
4408,316,4,4,1450
4409,316,5,4,1400
4410,316,6,4,0
4411,294,1,4,0
4412,294,2,4,550
4413,294,3,4,0
4414,294,4,4,0
4415,294,5,4,480
4416,294,6,4,0
4417,302,1,4,350
4418,302,2,4,450
4419,302,3,4,0
4420,302,4,4,0
4421,302,5,4,0
4422,302,6,4,0
4423,295,1,4,290
4424,295,2,4,525
4425,295,3,4,0
4426,295,4,4,0
4427,295,5,4,0
4428,295,6,4,0
4429,296,1,4,450
4430,296,2,4,600
4431,296,3,4,500
4432,296,4,4,0
4433,296,5,4,0
4434,296,6,4,0
4435,321,1,4,450
4436,321,2,4,0
4437,321,3,4,525
4438,321,4,4,500
4439,321,5,4,0
4440,321,6,4,0
4441,322,1,4,0
4442,322,2,4,290
4443,322,3,4,0
4444,322,4,4,0
4445,322,5,4,0
4446,322,6,4,0
4447,323,1,4,0
4448,323,2,4,315
4449,323,3,4,0
4450,323,4,4,0
4451,323,5,4,0
4452,323,6,4,0
4453,451,1,4,0
4454,451,2,4,1350
4455,451,3,4,0
4456,451,4,4,1350
4457,451,5,4,0
4458,451,6,4,0
4459,324,1,4,5500
4460,324,2,4,5500
4461,324,3,4,5500
4462,324,4,4,5500
4463,324,5,4,5500
4464,324,6,4,0
4465,325,1,4,5500
4466,325,2,4,5500
4467,325,3,4,5500
4468,325,4,4,5500
4469,325,5,4,5500
4470,325,6,4,0
4471,326,1,4,5500
4472,326,2,4,5550
4473,326,3,4,3950
4474,326,4,4,5500
4475,326,5,4,5500
4476,326,6,4,0
4477,327,1,4,5500
4478,327,2,4,5500
4479,327,3,4,5500
4480,327,4,4,5500
4481,327,5,4,5500
4482,327,6,4,0
4483,376,1,4,0
4484,376,2,4,0
4485,376,3,4,150
4486,376,4,4,480
4487,376,5,4,0
4488,376,6,4,0
4489,375,1,4,0
4490,375,2,4,0
4491,375,3,4,150
4492,375,4,4,500
4493,375,5,4,0
4494,375,6,4,0
4495,389,1,4,0
4496,389,2,4,0
4497,389,3,4,150
4498,389,4,4,500
4499,389,5,4,0
4500,389,6,4,0
4501,328,1,4,400
4502,328,2,4,0
4503,328,3,4,0
4504,328,4,4,500
4505,328,5,4,0
4506,328,6,4,0
4507,329,1,4,0
4508,329,2,4,550
4509,329,3,4,0
4510,329,4,4,0
4511,329,5,4,250
4512,329,6,4,0
4513,330,1,4,450
4514,330,2,4,0
4515,330,3,4,450
4516,330,4,4,500
4517,330,5,4,0
4518,330,6,4,0
4519,331,1,4,285
4520,331,2,4,0
4521,331,3,4,0
4522,331,4,4,260
4523,331,5,4,0
4524,331,6,4,0
4525,430,1,4,0
4526,430,2,4,570
4527,430,3,4,600
4528,430,4,4,0
4529,430,5,4,400
4530,430,6,4,0
4531,332,1,4,400
4532,332,2,4,0
4533,332,3,4,0
4534,332,4,4,500
4535,332,5,4,0
4536,332,6,4,0
4537,333,1,4,450
4538,333,2,4,0
4539,333,3,4,325
4540,333,4,4,500
4541,333,5,4,0
4542,333,6,4,0
4543,383,1,4,0
4544,383,2,4,0
4545,383,3,4,900
4546,383,4,4,1000
4547,383,5,4,0
4548,383,6,4,0
4549,334,1,4,0
4550,334,2,4,335
4551,334,3,4,0
4552,334,4,4,0
4553,334,5,4,0
4554,334,6,4,0
4555,335,1,4,345
4556,335,2,4,550
4557,335,3,4,0
4558,335,4,4,0
4559,335,5,4,0
4560,335,6,4,0
4561,336,1,4,0
4562,336,2,4,590
4563,336,3,4,0
4564,336,4,4,0
4565,336,5,4,275
4566,336,6,4,0
4567,337,1,4,500
4568,337,2,4,0
4569,337,3,4,450
4570,337,4,4,0
4571,337,5,4,0
4572,337,6,4,0
4573,338,1,4,450
4574,338,2,4,0
4575,338,3,4,350
4576,338,4,4,0
4577,338,5,4,0
4578,338,6,4,0
4579,647,1,4,0
4580,647,2,4,225
4581,647,3,4,0
4582,647,4,4,0
4583,647,5,4,700
4584,647,6,4,0
4585,392,1,4,0
4586,392,2,4,0
4587,392,3,4,310
4588,392,4,4,500
4589,392,5,4,0
4590,392,6,4,0
4591,379,1,4,1200
4592,379,2,4,1200
4593,379,3,4,0
4594,379,4,4,1150
4595,379,5,4,0
4596,379,6,4,0
4597,380,1,4,1250
4598,380,2,4,1450
4599,380,3,4,0
4600,380,4,4,1350
4601,380,5,4,0
4602,380,6,4,0
4603,339,1,4,500
4604,339,2,4,550
4605,339,3,4,0
4606,339,4,4,0
4607,339,5,4,400
4608,339,6,4,0
4609,340,1,4,500
4610,340,2,4,550
4611,340,3,4,0
4612,340,4,4,0
4613,340,5,4,400
4614,340,6,4,0
4615,341,1,4,0
4616,341,2,4,0
4617,341,3,4,450
4618,341,4,4,680
4619,341,5,4,0
4620,341,6,4,0
4621,342,1,4,315
4622,342,2,4,0
4623,342,3,4,0
4624,342,4,4,380
4625,342,5,4,0
4626,342,6,4,0
4627,343,1,4,0
4628,343,2,4,370
4629,343,3,4,0
4630,343,4,4,0
4631,343,5,4,0
4632,343,6,4,0
4633,374,1,4,0
4634,374,2,4,0
4635,374,3,4,355
4636,374,4,4,600
4637,374,5,4,0
4638,374,6,4,0
4639,344,1,4,490
4640,344,2,4,0
4641,344,3,4,0
4642,344,4,4,560
4643,344,5,4,0
4644,344,6,4,0
4645,648,1,4,0
4646,648,2,4,315
4647,648,3,4,0
4648,648,4,4,0
4649,648,5,4,0
4650,648,6,4,0
4651,345,1,4,350
4652,345,2,4,0
4653,345,3,4,0
4654,345,4,4,125
4655,345,5,4,0
4656,345,6,4,0
4657,346,1,4,350
4658,346,2,4,0
4659,346,3,4,0
4660,346,4,4,125
4661,346,5,4,0
4662,346,6,4,0
4663,347,1,4,0
4664,347,2,4,650
4665,347,3,4,0
4666,347,4,4,0
4667,347,5,4,275
4668,347,6,4,0
4669,649,1,4,0
4670,649,2,4,650
4671,649,3,4,0
4672,649,4,4,0
4673,649,5,4,350
4674,649,6,4,0
4675,348,1,4,0
4676,348,2,4,1400
4677,348,3,4,1400
4678,348,4,4,1800
4679,348,5,4,1350
4680,348,6,4,0
4681,349,1,4,435
4682,349,2,4,0
4683,349,3,4,0
4684,349,4,4,575
4685,349,5,4,0
4686,349,6,4,0
4687,350,1,4,0
4688,350,2,4,325
4689,350,3,4,0
4690,350,4,4,0
4691,350,5,4,0
4692,350,6,4,0
4693,351,1,4,460
4694,351,2,4,0
4695,351,3,4,370
4696,351,4,4,0
4697,351,5,4,0
4698,351,6,4,0
4699,352,1,4,460
4700,352,2,4,0
4701,352,3,4,370
4702,352,4,4,0
4703,352,5,4,0
4704,352,6,4,0
4705,353,1,4,0
4706,353,2,4,270
4707,353,3,4,0
4708,353,4,4,0
4709,353,5,4,0
4710,353,6,4,0
4711,382,1,4,1180
4712,382,2,4,1300
4713,382,3,4,0
4714,382,4,4,1190
4715,382,5,4,0
4716,382,6,4,0
4717,354,1,4,0
4718,354,2,4,200
4719,354,3,4,0
4720,354,4,4,0
4721,354,5,4,0
4722,354,6,4,0
4723,355,1,4,0
4724,355,2,4,400
4725,355,3,4,0
4726,355,4,4,0
4727,355,5,4,0
4728,355,6,4,0
4729,356,1,4,800
4730,356,2,4,800
4731,356,3,4,400
4732,356,4,4,600
4733,356,5,4,0
4734,356,6,4,0
4735,357,1,4,0
4736,357,2,4,650
4737,357,3,4,0
4738,357,4,4,0
4739,357,5,4,0
4740,357,6,4,0
4741,358,1,4,325
4742,358,2,4,0
4743,358,3,4,0
4744,358,4,4,225
4745,358,5,4,0
4746,358,6,4,0
4747,359,1,4,325
4748,359,2,4,0
4749,359,3,4,0
4750,359,4,4,225
4751,359,5,4,0
4752,359,6,4,0
4753,360,1,4,325
4754,360,2,4,0
4755,360,3,4,0
4756,360,4,4,225
4757,360,5,4,0
4758,360,6,4,0
4759,361,1,4,410
4760,361,2,4,0
4761,361,3,4,0
4762,361,4,4,370
4763,361,5,4,0
4764,361,6,4,0
4765,362,1,4,0
4766,362,2,4,0
4767,362,3,4,410
4768,362,4,4,900
4769,362,5,4,0
4770,362,6,4,0
4771,363,1,4,0
4772,363,2,4,240
4773,363,3,4,0
4774,363,4,4,0
4775,363,5,4,0
4776,363,6,4,0
4777,364,1,4,0
4778,364,2,4,275
4779,364,3,4,0
4780,364,4,4,0
4781,364,5,4,0
4782,364,6,4,0
4783,650,1,4,0
4784,650,2,4,0
4785,650,3,4,715
4786,650,4,4,1250
4787,650,5,4,0
4788,650,6,4,0
4789,365,1,4,0
4790,365,2,4,450
4791,365,3,4,0
4792,365,4,4,0
4793,365,5,4,0
4794,365,6,4,0
4795,366,1,4,0
4796,366,2,4,450
4797,366,3,4,0
4798,366,4,4,0
4799,366,5,4,0
4800,366,6,4,0
4801,367,1,4,0
4802,367,2,4,715
4803,367,3,4,0
4804,367,4,4,0
4805,367,5,4,400
4806,367,6,4,0
4807,368,1,4,0
4808,368,2,4,450
4809,368,3,4,0
4810,368,4,4,0
4811,368,5,4,0
4812,368,6,4,0
4813,384,1,4,0
4814,384,2,4,1400
4815,384,3,4,1250
4816,384,4,4,0
4817,384,5,4,995
4818,384,6,4,0
4819,651,1,4,0
4820,651,2,4,1440
4821,651,3,4,1250
4822,651,4,4,0
4823,651,5,4,1050
4824,651,6,4,0
4825,369,1,4,0
4826,369,2,4,395
4827,369,3,4,0
4828,369,4,4,0
4829,369,5,4,0
4830,369,6,4,0
4831,373,1,4,0
4832,373,2,4,460
4833,373,3,4,0
4834,373,4,4,0
4835,373,5,4,0
4836,373,6,4,0
4837,385,1,4,0
4838,385,2,4,1380
4839,385,3,4,0
4840,385,4,4,0
4841,385,5,4,1250
4842,385,6,4,0
4843,370,1,4,295
4844,370,2,4,460
4845,370,3,4,0
4846,370,4,4,0
4847,370,5,4,0
4848,370,6,4,0
4849,386,1,4,0
4850,386,2,4,1480
4851,386,3,4,1400
4852,386,4,4,1700
4853,386,5,4,0
4854,386,6,4,0
4855,390,1,4,0
4856,390,2,4,360
4857,390,3,4,0
4858,390,4,4,0
4859,390,5,4,0
4860,390,6,4,0
4861,387,1,4,1190
4862,387,2,4,1275
4863,387,3,4,0
4864,387,4,4,1175
4865,387,5,4,0
4866,387,6,4,0
4867,371,1,4,0
4868,371,2,4,465
4869,371,3,4,0
4870,371,4,4,0
4871,371,5,4,0
4872,371,6,4,0
4873,377,1,4,0
4874,377,2,4,400
4875,377,3,4,0
4876,377,4,4,0
4877,377,5,4,0
4878,377,6,4,0
4879,652,1,4,0
4880,652,2,4,315
4881,652,3,4,0
4882,652,4,4,0
4883,652,5,4,0
4884,652,6,4,0
4885,378,1,4,1650
4886,378,2,4,1600
4887,378,3,4,0
4888,378,4,4,1450
4889,378,5,4,0
4890,378,6,4,0
4891,388,1,4,0
4892,388,2,4,1400
4893,388,3,4,0
4894,388,4,4,0
4895,388,5,4,900
4896,388,6,4,0
4897,453,1,4,1400
4898,453,2,4,1450
4899,453,3,4,0
4900,453,4,4,1250
4901,453,5,4,0
4902,453,6,4,0
4903,393,1,4,105
4904,393,2,4,0
4905,393,3,4,0
4906,393,4,4,315
4907,393,5,4,0
4908,393,6,4,0
4909,394,1,4,0
4910,394,2,4,300
4911,394,3,4,0
4912,394,4,4,0
4913,394,5,4,0
4914,394,6,4,0
4915,455,1,4,0
4916,455,2,4,1400
4917,455,3,4,0
4918,455,4,4,1350
4919,455,5,4,1150
4920,455,6,4,0
4921,395,1,4,0
4922,395,2,4,530
4923,395,3,4,0
4924,395,4,4,0
4925,395,5,4,550
4926,395,6,4,0
4927,396,1,4,480
4928,396,2,4,0
4929,396,3,4,335
4930,396,4,4,0
4931,396,5,4,0
4932,396,6,4,0
4933,397,1,4,0
4934,397,2,4,560
4935,397,3,4,0
4936,397,4,4,0
4937,397,5,4,300
4938,397,6,4,0
4939,398,1,4,0
4940,398,2,4,250
4941,398,3,4,0
4942,398,4,4,0
4943,398,5,4,0
4944,398,6,4,0
4945,399,1,4,0
4946,399,2,4,550
4947,399,3,4,0
4948,399,4,4,0
4949,399,5,4,250
4950,399,6,4,0
4951,448,1,4,0
4952,448,2,4,1600
4953,448,3,4,0
4954,448,4,4,0
4955,448,5,4,1350
4956,448,6,4,0
4957,400,1,4,625
4958,400,2,4,675
4959,400,3,4,630
4960,400,4,4,0
4961,400,5,4,450
4962,400,6,4,0
4963,653,1,4,0
4964,653,2,4,550
4965,653,3,4,0
4966,653,4,4,0
4967,653,5,4,300
4968,653,6,4,0
4969,401,1,4,0
4970,401,2,4,375
4971,401,3,4,0
4972,401,4,4,0
4973,401,5,4,0
4974,401,6,4,0
4975,402,1,4,0
4976,402,2,4,350
4977,402,3,4,0
4978,402,4,4,0
4979,402,5,4,0
4980,402,6,4,0
4981,403,1,4,325
4982,403,2,4,0
4983,403,3,4,0
4984,403,4,4,260
4985,403,5,4,0
4986,403,6,4,0
4987,404,1,4,325
4988,404,2,4,0
4989,404,3,4,0
4990,404,4,4,260
4991,404,5,4,0
4992,404,6,4,0
4993,405,1,4,0
4994,405,2,4,380
4995,405,3,4,0
4996,405,4,4,0
4997,405,5,4,0
4998,405,6,4,0
4999,654,1,4,0
5000,654,2,4,350
5001,654,3,4,0
5002,654,4,4,0
5003,654,5,4,0
5004,654,6,4,0
5005,406,1,4,0
5006,406,2,4,350
5007,406,3,4,0
5008,406,4,4,0
5009,406,5,4,0
5010,406,6,4,0
5011,407,1,4,280
5012,407,2,4,0
5013,407,3,4,0
5014,407,4,4,370
5015,407,5,4,0
5016,407,6,4,0
5017,457,1,4,950
5018,457,2,4,1100
5019,457,3,4,750
5020,457,4,4,0
5021,457,5,4,0
5022,457,6,4,0
5023,655,1,4,730
5024,655,2,4,830
5025,655,3,4,450
5026,655,4,4,0
5027,655,5,4,0
5028,655,6,4,0
5029,409,1,4,0
5030,409,2,4,1550
5031,409,3,4,1400
5032,409,4,4,0
5033,409,5,4,875
5034,409,6,4,0
5035,429,1,4,300
5036,429,2,4,0
5037,429,3,4,0
5038,429,4,4,270
5039,429,5,4,0
5040,429,6,4,0
5041,410,1,4,0
5042,410,2,4,900
5043,410,3,4,550
5044,410,4,4,0
5045,410,5,4,600
5046,410,6,4,0
5047,411,1,4,360
5048,411,2,4,465
5049,411,3,4,0
5050,411,4,4,0
5051,411,5,4,0
5052,411,6,4,0
5053,412,1,4,0
5054,412,2,4,290
5055,412,3,4,0
5056,412,4,4,0
5057,412,5,4,0
5058,412,6,4,0
5059,656,1,4,0
5060,656,2,4,550
5061,656,3,4,0
5062,656,4,4,0
5063,656,5,4,0
5064,656,6,4,0
5065,657,1,4,890
5066,657,2,4,890
5067,657,3,4,0
5068,657,4,4,0
5069,657,5,4,0
5070,657,6,4,0
5071,421,1,4,890
5072,421,2,4,890
5073,421,3,4,0
5074,421,4,4,0
5075,421,5,4,0
5076,421,6,4,0
5077,422,1,4,850
5078,422,2,4,850
5079,422,3,4,0
5080,422,4,4,0
5081,422,5,4,0
5082,422,6,4,0
5083,658,1,4,350
5084,658,2,4,0
5085,658,3,4,0
5086,658,4,4,0
5087,658,5,4,0
5088,658,6,4,0
5089,659,1,5,1150
5090,659,2,5,1250
5091,659,3,5,0
5092,659,4,5,950
5093,659,5,5,1110
5094,659,6,5,0
5095,660,1,5,0
5096,660,2,5,275
5097,660,3,5,0
5098,660,4,5,0
5099,660,5,5,0
5100,660,6,5,0
5101,661,1,5,1150
5102,661,2,5,1500
5103,661,3,5,0
5104,661,4,5,1000
5105,661,5,5,0
5106,661,6,5,0
5107,662,1,5,300
5108,662,2,5,0
5109,662,3,5,0
5110,662,4,5,0
5111,662,5,5,0
5112,662,6,5,0
5113,663,1,5,0
5114,663,2,5,325
5115,663,3,5,0
5116,663,4,5,0
5117,663,5,5,0
5118,663,6,5,0
5119,664,1,5,1200
5120,664,2,5,0
5121,664,3,5,0
5122,664,4,5,1050
5123,664,5,5,0
5124,664,6,5,0
5125,665,1,5,1350
5126,665,2,5,1200
5127,665,3,5,0
5128,665,4,5,0
5129,665,5,5,0
5130,665,6,5,0
5131,666,1,5,350
5132,666,2,5,0
5133,666,3,5,0
5134,666,4,5,270
5135,666,5,5,0
5136,666,6,5,0
5137,667,1,5,600
5138,667,2,5,0
5139,667,3,5,0
5140,667,4,5,0
5141,667,5,5,0
5142,667,6,5,0
5143,668,1,5,0
5144,668,2,5,0
5145,668,3,5,0
5146,668,4,5,1
5147,668,5,5,0
5148,668,6,5,0
5149,669,1,5,400
5150,669,2,5,325
5151,669,3,5,0
5152,669,4,5,0
5153,669,5,5,0
5154,669,6,5,0
5155,670,1,5,0
5156,670,2,5,1
5157,670,3,5,0
5158,670,4,5,0
5159,670,5,5,0
5160,670,6,5,0
5161,671,1,2,325
5162,671,2,2,0
5163,671,3,2,0
5164,671,4,2,225
5165,671,5,2,0
5166,671,6,2,0
5167,672,1,1,0
5168,672,2,1,650
5169,672,3,1,0
5170,672,4,1,0
5171,672,5,1,0
5172,672,6,1,0
5173,673,1,1,0
5174,673,2,1,275
5175,673,3,1,0
5176,673,4,1,0
5177,673,5,1,0
5178,673,6,1,0
5179,673,1,1,0
5180,673,2,1,275
5181,673,3,1,0
5182,673,4,1,0
5183,673,5,1,0
5184,673,6,1,0
5185,674,1,3,0
5186,674,2,3,385
5187,674,3,3,0
5188,674,4,3,0
5189,674,5,3,0
5190,674,6,3,0
5191,675,1,1,0
5192,675,2,1,600
5193,675,3,1,0
5194,675,4,1,0
5195,675,5,1,0
5196,675,6,1,0
5197,676,1,2,0
5198,676,2,2,300
5199,676,3,2,0
5200,676,4,2,0
5201,676,5,2,0
5202,676,6,2,0
5203,677,1,2,0
5204,677,2,2,285
5205,677,3,2,0
5206,677,4,2,0
5207,677,5,2,0
5208,677,6,2,0
5209,432,1,4,750
5210,432,2,4,0
5211,432,3,4,320
5212,432,4,4,550
5213,432,5,4,0
5214,432,6,4,0
5215,433,1,4,750
5216,433,2,4,0
5217,433,3,4,320
5218,433,4,4,550
5219,433,5,4,0
5220,433,6,4,0
5221,678,1,1,550
5222,678,2,1,0
5223,678,3,1,280
5224,678,4,1,550
5225,678,5,1,0
5226,678,6,1,0
5227,679,1,2,0
5228,679,2,2,575
5229,679,3,2,0
5230,679,4,2,0
5231,679,5,2,300
5232,679,6,2,0
5233,680,1,5,310
5234,680,2,5,0
5235,680,3,5,0
5236,680,4,5,0
5237,680,5,5,0
5238,680,6,5,0
5239,681,1,5,310
5240,681,2,5,0
5241,681,3,5,0
5242,681,4,5,0
5243,681,5,5,0
5244,681,6,5,0
5245,682,1,2,0
5246,682,2,2,455
5247,682,3,2,0
5248,682,4,2,0
5249,682,5,2,0
5250,682,6,2,0
5251,683,1,1,1325
5252,683,2,1,1345
5253,683,3,1,0
5254,683,4,1,1225
5255,683,5,1,0
5256,683,6,1,350
5257,684,1,4,750
5258,684,2,4,320
5259,684,3,4,0
5260,684,4,4,550
5261,684,5,4,0
5262,684,6,4,0
5263,685,1,2,0
5264,685,2,2,270
5265,685,3,2,0
5266,685,4,2,0
5267,685,5,2,0
5268,685,6,2,0
5269,686,1,1,0
5270,686,2,1,310
5271,686,3,1,0
5272,686,4,1,0
5273,686,5,1,0
5274,686,6,1,0
5275,687,1,1,0
5276,687,2,1,310
5277,687,3,1,0
5278,687,4,1,0
5279,687,5,1,0
5280,687,6,1,0
5281,688,1,5,950
5282,688,2,5,0
5283,688,3,5,0
5284,688,4,5,0
5285,688,5,5,0
5286,688,6,5,0
5287,689,1,1,0
5288,689,2,1,775
5289,689,3,1,0
5290,689,4,1,0
5291,689,5,1,0
5292,689,6,1,0
5293,690,1,1,700
5294,690,2,1,0
5295,690,3,1,0
5296,690,4,1,0
5297,690,5,1,0
5298,690,6,1,0
5299,646,1,2,800
5300,646,2,2,0
5301,646,3,2,0
5302,646,4,2,650
5303,646,5,2,0
5304,646,6,2,0
5305,691,1,1,2000
5306,691,2,1,1600
5307,691,3,1,0
5308,691,4,1,1550
5309,691,5,1,0
5310,691,6,1,0
5311,692,1,5,0
5312,692,2,5,450
5313,692,3,5,0
5314,692,4,5,0
5315,692,5,5,0
5316,692,6,5,0
5317,693,1,2,750
5318,693,2,2,675
5319,693,3,2,0
5320,693,4,2,0
5321,693,5,2,0
5322,693,6,2,0
5323,694,1,2,750
5324,694,2,2,675
5325,694,3,2,0
5326,694,4,2,0
5327,694,5,2,350
5328,694,6,2,0
5329,695,1,1,395
5330,695,2,1,775
5331,695,3,1,0
5332,695,4,1,295
5333,695,5,1,0
5334,695,6,1,0
5335,696,1,1,450
5336,696,2,1,225
5337,696,3,1,0
5338,696,4,1,700
5339,696,5,1,0
5340,696,6,1,0
5341,697,1,5,250
5342,697,2,5,0
5343,697,3,5,0
5344,697,4,5,300
5345,697,5,5,0
5346,697,6,5,0
5347,698,1,5,1250
5348,698,2,5,0
5349,698,3,5,0
5350,698,4,5,1050
5351,698,5,5,0
5352,698,6,5,0
5353,699,1,5,650
5354,699,2,5,0
5355,699,3,5,0
5356,699,4,5,550
5357,699,5,5,0
5358,699,6,5,0
5359,700,1,5,400
5360,700,2,5,0
5361,700,3,5,0
5362,700,4,5,550
5363,700,5,5,0
5364,700,6,5,0
5365,701,1,5,800
5366,701,2,5,450
5367,701,3,5,0
5368,701,4,5,800
5369,701,5,5,0
5370,701,6,5,0
5371,702,1,2,0
5372,702,2,2,575
5373,702,3,2,0
5374,702,4,2,0
5375,702,5,2,0
5376,702,6,2,0
5377,703,1,5,0
5378,703,2,5,1600
5379,703,3,5,0
5380,703,4,5,0
5381,703,5,5,0
5382,703,6,5,0
5383,704,1,5,325
5384,704,2,5,0
5385,704,3,5,0
5386,704,4,5,250
5387,704,5,5,0
5388,704,6,5,0
5389,705,1,5,600
5390,705,2,5,0
5391,705,3,5,0
5392,705,4,5,515
5393,705,5,5,0
5394,705,6,5,0
5395,706,1,5,1300
5396,706,2,5,0
5397,706,3,5,0
5398,706,4,5,1200
5399,706,5,5,0
5400,706,6,5,0
5401,707,1,5,400
5402,707,2,5,0
5403,707,3,5,0
5404,707,4,5,0
5405,707,5,5,0
5406,707,6,5,0
5407,708,1,5,0
5408,708,2,5,350
5409,708,3,5,0
5410,708,4,5,0
5411,708,5,5,0
5412,708,6,5,0
5413,709,1,5,325
5414,709,2,5,0
5415,709,3,5,0
5416,709,4,5,275
5417,709,5,5,0
5418,709,6,5,0
5419,710,1,2,850
5420,710,2,2,0
5421,710,3,2,0
5422,710,4,2,675
5423,710,5,2,0
5424,710,6,2,0
5425,711,1,5,295
5426,711,2,5,550
5427,711,3,5,0
5428,711,4,5,500
5429,711,5,5,0
5430,711,6,5,0
5431,712,1,5,325
5432,712,2,5,0
5433,712,3,5,0
5434,712,4,5,260
5435,712,5,5,0
5436,712,6,5,0
5437,713,1,5,110
5438,713,2,5,0
5439,713,3,5,0
5440,713,4,5,325
5441,713,5,5,0
5442,713,6,5,0
5443,714,1,5,0
5444,714,2,5,450
5445,714,3,5,0
5446,714,4,5,0
5447,714,5,5,0
5448,714,6,5,0
5449,715,1,2,350
5450,715,2,2,0
5451,715,3,2,0
5452,715,4,2,250
5453,715,5,2,0
5454,715,6,2,0
5455,716,1,5,1200
5456,716,2,5,0
5457,716,3,5,0
5458,716,4,5,940
5459,716,5,5,0
5460,716,6,5,0
5461,717,1,5,320
5462,717,2,5,0
5463,717,3,5,0
5464,717,4,5,0
5465,717,5,5,0
5466,717,6,5,0
5467,718,1,5,300
5468,718,2,5,0
5469,718,3,5,0
5470,718,4,5,0
5471,718,5,5,0
5472,718,6,5,0
5473,719,1,5,0
5474,719,2,5,600
5475,719,3,5,0
5476,719,4,5,0
5477,719,5,5,0
5478,719,6,5,0
5479,720,1,5,0
5480,720,2,5,200
5481,720,3,5,0
5482,720,4,5,0
5483,720,5,5,0
5484,720,6,5,0
5485,721,1,1,0
5486,721,2,1,300
5487,721,3,1,0
5488,721,4,1,0
5489,721,5,1,0
5490,721,6,1,0
5491,722,1,1,0
5492,722,2,1,300
5493,722,3,1,0
5494,722,4,1,0
5495,722,5,1,0
5496,722,6,1,0
5497,723,1,4,730
5498,723,2,4,0
5499,723,3,4,0
5500,723,4,4,0
5501,723,5,4,0
5502,723,6,4,0
5503,724,1,5,0
5504,724,2,5,200
5505,724,3,5,0
5506,724,4,5,0
5507,724,5,5,0
5508,724,6,5,0
5509,725,1,5,550
5510,725,2,5,0
5511,725,3,5,0
5512,725,4,5,0
5513,725,5,5,0
5514,725,6,5,0
5515,726,1,5,350
5516,726,2,5,0
5517,726,3,5,0
5518,726,4,5,0
5519,726,5,5,0
5520,726,6,5,0
5521,727,1,5,360
5522,727,2,5,0
5523,727,3,5,0
5524,727,4,5,0
5525,727,5,5,0
5526,727,6,5,0
5527,728,1,2,0
5528,728,2,2,535
5529,728,3,2,0
5530,728,4,2,0
5531,728,5,2,0
5532,728,6,2,0
5533,729,1,5,275
5534,729,2,5,0
5535,729,3,5,0
5536,729,4,5,0
5537,729,5,5,0
5538,729,6,5,0
5539,730,1,1,0
5540,730,2,1,285
5541,730,3,1,0
5542,730,4,1,0
5543,730,5,1,0
5544,730,6,1,0
5545,731,1,1,550
5546,731,2,1,0
5547,731,3,1,280
5548,731,4,1,550
5549,731,5,1,0
5550,731,6,1,0
5551,732,1,1,700
5552,732,2,1,0
5553,732,3,1,0
5554,732,4,1,550
5555,732,5,1,0
5556,732,6,1,0
5557,733,1,1,1300
5558,733,2,1,1350
5559,733,3,1,0
5560,733,4,1,1250
5561,733,5,1,0
5562,733,6,1,335
5563,734,1,5,300
5564,734,2,5,0
5565,734,3,5,0
5566,734,4,5,0
5567,734,5,5,0
5568,734,6,5,0
5569,735,1,2,0
5570,735,2,2,585
5571,735,3,2,0
5572,735,4,2,0
5573,735,5,2,0
5574,735,6,2,0
5575,736,1,5,550
5576,736,2,5,0
5577,736,3,5,0
5578,736,4,5,450
5579,736,5,5,0
5580,736,6,5,0
5581,737,1,1,0
5582,737,2,1,795
5583,737,3,1,0
5584,737,4,1,0
5585,737,5,1,0
5586,737,6,1,0
5587,738,1,5,250
5588,738,2,5,0
5589,738,3,5,0
5590,738,4,5,0
5591,738,5,5,0
5592,738,6,5,0
5593,739,1,5,0
5594,739,2,5,550
5595,739,3,5,0
5596,739,4,5,0
5597,739,5,5,0
5598,739,6,5,0
5599,740,1,1,355
5600,740,2,1,0
5601,740,3,1,0
5602,740,4,1,0
5603,740,5,1,0
5604,740,6,1,0
5605,741,1,5,300
5606,741,2,5,0
5607,741,3,5,0
5608,741,4,5,375
5609,741,5,5,0
5610,741,6,5,0
5611,742,1,5,750
5612,742,2,5,850
5613,742,3,5,0
5614,742,4,5,0
5615,742,5,5,0
5616,742,6,5,0
5617,743,1,4,750
5618,743,2,4,0
5619,743,3,4,320
5620,743,4,4,550
5621,743,5,4,0
5622,743,6,4,0
5623,744,1,5,550
5624,744,2,5,0
5625,744,3,5,0
5626,744,4,5,0
5627,744,5,5,0
5628,744,6,5,0
5629,745,1,5,550
5630,745,2,5,0
5631,745,3,5,0
5632,745,4,5,0
5633,745,5,5,0
5634,745,6,5,0
5635,746,1,3,600
5636,746,2,3,0
5637,746,3,3,0
5638,746,4,3,0
5639,746,5,3,0
5640,746,6,3,0
5641,747,1,1,325
5642,747,2,1,550
5643,747,3,1,0
5644,747,4,1,0
5645,747,5,1,0
5646,747,6,1,0
5647,748,1,5,300
5648,748,2,5,450
5649,748,3,5,0
5650,748,4,5,0
5651,748,5,5,0
5652,748,6,5,0
5653,749,1,5,0
5654,749,2,5,300
5655,749,3,5,0
5656,749,4,5,0
5657,749,5,5,0
5658,749,6,5,0
5659,750,1,3,0
5660,750,2,3,375
5661,750,3,3,0
5662,750,4,3,0
5663,750,5,3,0
5664,750,6,3,0
5665,751,1,1,0
5666,751,2,1,5500
5667,751,3,1,0
5668,751,4,1,0
5669,751,5,1,0
5670,751,6,1,0
5671,752,1,3,0
5672,752,2,3,550
5673,752,3,3,0
5674,752,4,3,0
5675,752,5,3,0
5676,752,6,3,0
5677,753,1,5,0
5678,753,2,5,275
5679,753,3,5,0
5680,753,4,5,0
5681,753,5,5,0
5682,753,6,5,0
5683,754,1,5,250
5684,754,2,5,0
5685,754,3,5,0
5686,754,4,5,0
5687,754,5,5,0
5688,754,6,5,0
5689,755,1,1,415
5690,755,2,1,0
5691,755,3,1,0
5692,755,4,1,560
5693,755,5,1,0
5694,755,6,1,0
5695,756,1,1,1440
5696,756,2,1,0
5697,756,3,1,0
5698,756,4,1,1270
5699,756,5,1,0
5700,756,6,1,275
5701,757,1,1,1550
5702,757,2,1,1650
5703,757,3,1,0
5704,757,4,1,1450
5705,757,5,1,0
5706,757,6,1,395
5707,758,1,1,1100
5708,758,2,1,0
5709,758,3,1,0
5710,758,4,1,1000
5711,758,5,1,0
5712,758,6,1,330
5713,759,1,1,1550
5714,759,2,1,1550
5715,759,3,1,0
5716,759,4,1,1450
5717,759,5,1,0
5718,759,6,1,210
5719,760,1,1,1600
5720,760,2,1,1650
5721,760,3,1,0
5722,760,4,1,1550
5723,760,5,1,0
5724,760,6,1,390
5725,761,1,1,1350
5726,761,2,1,1350
5727,761,3,1,0
5728,761,4,1,1300
5729,761,5,1,0
5730,761,6,1,235
5731,651,1,2,0
5732,651,2,2,1440
5733,651,3,2,1250
5734,651,4,2,0
5735,651,5,2,1050
5736,651,6,2,650
5737,762,1,2,1650
5738,762,2,2,1600
5739,762,3,2,0
5740,762,4,2,1450
5741,762,5,2,0
5742,762,6,2,390
5743,763,1,1,1650
5744,763,2,1,1650
5745,763,3,1,0
5746,763,4,1,1550
5747,763,5,1,0
5748,763,6,1,395
